Data,Otwarcie,Najwyzszy,Najnizszy,Zamkniecie
2005-01-03,6.61,6.61,6.61,6.61
2005-01-04,6.6,6.6,6.6,6.6
2005-01-05,6.62,6.62,6.62,6.62
2005-01-06,6.63,6.63,6.63,6.63
2005-01-07,6.64,6.64,6.64,6.64
2005-01-10,6.64,6.64,6.64,6.64
2005-01-11,6.65,6.65,6.65,6.65
2005-01-12,6.65,6.65,6.65,6.65
2005-01-13,6.65,6.65,6.65,6.65
2005-01-14,6.65,6.65,6.65,6.65
2005-01-17,6.65,6.65,6.65,6.65
2005-01-18,6.64,6.64,6.64,6.64
2005-01-19,6.65,6.65,6.65,6.65
2005-01-20,6.62,6.62,6.62,6.62
2005-01-21,6.63,6.63,6.63,6.63
2005-01-24,6.62,6.62,6.62,6.62
2005-01-25,6.62,6.62,6.62,6.62
2005-01-26,6.64,6.64,6.64,6.64
2005-01-27,6.63,6.63,6.63,6.63
2005-01-28,6.61,6.61,6.61,6.61
2005-01-31,6.61,6.61,6.61,6.61
2005-02-01,6.6,6.6,6.6,6.6
2005-02-02,6.6,6.6,6.6,6.6
2005-02-03,6.6,6.6,6.6,6.6
2005-02-04,6.6,6.6,6.6,6.6
2005-02-07,6.6,6.6,6.6,6.6
2005-02-08,6.6,6.6,6.6,6.6
2005-02-09,6.6,6.6,6.6,6.6
2005-02-10,6.61,6.61,6.61,6.61
2005-02-11,6.6,6.6,6.6,6.6
2005-02-14,6.59,6.59,6.59,6.59
2005-02-15,6.57,6.57,6.57,6.57
2005-02-16,6.51,6.51,6.51,6.51
2005-02-17,6.51,6.51,6.51,6.51
2005-02-18,6.51,6.51,6.51,6.51
2005-02-21,6.49,6.49,6.49,6.49
2005-02-22,6.49,6.49,6.49,6.49
2005-02-23,6.49,6.49,6.49,6.49
2005-02-24,6.48,6.48,6.48,6.48
2005-02-25,6.46,6.46,6.46,6.46
2005-02-28,6.31,6.31,6.31,6.31
2005-03-01,6.3,6.3,6.3,6.3
2005-03-02,6.3,6.3,6.3,6.3
2005-03-03,6.33,6.33,6.33,6.33
2005-03-04,6.35,6.35,6.35,6.35
2005-03-07,6.34,6.34,6.34,6.34
2005-03-08,6.26,6.26,6.26,6.26
2005-03-09,6.19,6.19,6.19,6.19
2005-03-10,6.17,6.17,6.17,6.17
2005-03-11,6.16,6.16,6.16,6.16
2005-03-14,6.15,6.15,6.15,6.15
2005-03-15,6.05,6.05,6.05,6.05
2005-03-16,6.1,6.1,6.1,6.1
2005-03-17,6.15,6.15,6.15,6.15
2005-03-18,6.1,6.1,6.1,6.1
2005-03-21,6.1,6.1,6.1,6.1
2005-03-22,6.09,6.09,6.09,6.09
2005-03-23,6.1,6.1,6.1,6.1
2005-03-24,6.05,6.05,6.05,6.05
2005-03-29,6.06,6.06,6.06,6.06
2005-03-30,6.09,6.09,6.09,6.09
2005-03-31,5.91,5.91,5.91,5.91
2005-04-01,5.89,5.89,5.89,5.89
2005-04-04,5.9,5.9,5.9,5.9
2005-04-05,5.9,5.9,5.9,5.9
2005-04-06,5.91,5.91,5.91,5.91
2005-04-07,5.9,5.9,5.9,5.9
2005-04-11,5.89,5.89,5.89,5.89
2005-04-12,5.89,5.89,5.89,5.89
2005-04-13,5.88,5.88,5.88,5.88
2005-04-14,5.86,5.86,5.86,5.86
2005-04-15,5.79,5.79,5.79,5.79
2005-04-18,5.79,5.79,5.79,5.79
2005-04-19,5.77,5.77,5.77,5.77
2005-04-20,5.7,5.7,5.7,5.7
2005-04-21,5.7,5.7,5.7,5.7
2005-04-22,5.66,5.66,5.66,5.66
2005-04-25,5.65,5.65,5.65,5.65
2005-04-26,5.65,5.65,5.65,5.65
2005-04-27,5.61,5.61,5.61,5.61
2005-04-28,5.6,5.6,5.6,5.6
2005-04-29,5.59,5.59,5.59,5.59
2005-05-02,5.58,5.58,5.58,5.58
2005-05-04,5.56,5.56,5.56,5.56
2005-05-05,5.56,5.56,5.56,5.56
2005-05-06,5.55,5.55,5.55,5.55
2005-05-09,5.51,5.51,5.51,5.51
2005-05-10,5.5,5.5,5.5,5.5
2005-05-11,5.51,5.51,5.51,5.51
2005-05-12,5.5,5.5,5.5,5.5
2005-05-13,5.5,5.5,5.5,5.5
2005-05-16,5.42,5.42,5.42,5.42
2005-05-17,5.46,5.46,5.46,5.46
2005-05-18,5.46,5.46,5.46,5.46
2005-05-19,5.44,5.44,5.44,5.44
2005-05-20,5.43,5.43,5.43,5.43
2005-05-23,5.45,5.45,5.45,5.45
2005-05-24,5.45,5.45,5.45,5.45
2005-05-25,5.43,5.43,5.43,5.43
2005-05-27,5.44,5.44,5.44,5.44
2005-05-30,5.44,5.44,5.44,5.44
2005-05-31,5.44,5.44,5.44,5.44
2005-06-01,5.28,5.28,5.28,5.28
2005-06-02,5.3,5.3,5.3,5.3
2005-06-03,5.3,5.3,5.3,5.3
2005-06-06,5.32,5.32,5.32,5.32
2005-06-07,5.31,5.31,5.31,5.31
2005-06-08,5.28,5.28,5.28,5.28
2005-06-09,5.29,5.29,5.29,5.29
2005-06-10,5.29,5.29,5.29,5.29
2005-06-13,5.26,5.26,5.26,5.26
2005-06-14,5.25,5.25,5.25,5.25
2005-06-15,5.26,5.26,5.26,5.26
2005-06-16,5.27,5.27,5.27,5.27
2005-06-17,5.28,5.28,5.28,5.28
2005-06-20,5.2,5.2,5.2,5.2
2005-06-21,5.2,5.2,5.2,5.2
2005-06-22,5.2,5.2,5.2,5.2
2005-06-23,5.17,5.17,5.17,5.17
2005-06-24,5.17,5.17,5.17,5.17
2005-06-27,5.12,5.12,5.12,5.12
2005-06-28,5.1,5.1,5.1,5.1
2005-06-29,5.05,5.05,5.05,5.05
2005-06-30,4.9,4.9,4.9,4.9
2005-07-01,4.76,4.76,4.76,4.76
2005-07-04,4.71,4.71,4.71,4.71
2005-07-05,4.74,4.74,4.74,4.74
2005-07-06,4.74,4.74,4.74,4.74
2005-07-07,4.73,4.73,4.73,4.73
2005-07-08,4.72,4.72,4.72,4.72
2005-07-11,4.73,4.73,4.73,4.73
2005-07-12,4.7,4.7,4.7,4.7
2005-07-13,4.69,4.69,4.69,4.69
2005-07-14,4.7,4.7,4.7,4.7
2005-07-15,4.61,4.61,4.61,4.61
2005-07-18,4.61,4.61,4.61,4.61
2005-07-19,4.6,4.6,4.6,4.6
2005-07-20,4.65,4.65,4.65,4.65
2005-07-21,4.65,4.65,4.65,4.65
2005-07-22,4.63,4.63,4.63,4.63
2005-07-25,4.65,4.65,4.65,4.65
2005-07-26,4.66,4.66,4.66,4.66
2005-07-27,4.68,4.68,4.68,4.68
2005-07-28,4.67,4.67,4.67,4.67
2005-07-29,4.67,4.67,4.67,4.67
2005-08-01,4.66,4.66,4.66,4.66
2005-08-02,4.66,4.66,4.66,4.66
2005-08-03,4.66,4.66,4.66,4.66
2005-08-04,4.67,4.67,4.67,4.67
2005-08-05,4.69,4.69,4.69,4.69
2005-08-08,4.7,4.7,4.7,4.7
2005-08-09,4.7,4.7,4.7,4.7
2005-08-10,4.7,4.7,4.7,4.7
2005-08-11,4.69,4.69,4.69,4.69
2005-08-12,4.68,4.68,4.68,4.68
2005-08-16,4.65,4.65,4.65,4.65
2005-08-17,4.7,4.7,4.7,4.7
2005-08-18,4.7,4.7,4.7,4.7
2005-08-19,4.7,4.7,4.7,4.7
2005-08-22,4.7,4.7,4.7,4.7
2005-08-23,4.7,4.7,4.7,4.7
2005-08-24,4.68,4.68,4.68,4.68
2005-08-25,4.66,4.66,4.66,4.66
2005-08-26,4.66,4.66,4.66,4.66
2005-08-29,4.63,4.63,4.63,4.63
2005-08-30,4.63,4.63,4.63,4.63
2005-08-31,4.61,4.61,4.61,4.61
2005-09-01,4.55,4.55,4.55,4.55
2005-09-02,4.54,4.54,4.54,4.54
2005-09-05,4.56,4.56,4.56,4.56
2005-09-06,4.57,4.57,4.57,4.57
2005-09-07,4.55,4.55,4.55,4.55
2005-09-08,4.53,4.53,4.53,4.53
2005-09-09,4.53,4.53,4.53,4.53
2005-09-12,4.55,4.55,4.55,4.55
2005-09-13,4.54,4.54,4.54,4.54
2005-09-14,4.54,4.54,4.54,4.54
2005-09-15,4.53,4.53,4.53,4.53
2005-09-16,4.53,4.53,4.53,4.53
2005-09-19,4.51,4.51,4.51,4.51
2005-09-20,4.49,4.49,4.49,4.49
2005-09-21,4.48,4.48,4.48,4.48
2005-09-22,4.46,4.46,4.46,4.46
2005-09-23,4.46,4.46,4.46,4.46
2005-09-26,4.46,4.46,4.46,4.46
2005-09-27,4.46,4.46,4.46,4.46
2005-09-28,4.45,4.45,4.45,4.45
2005-09-29,4.5,4.5,4.5,4.5
2005-09-30,4.5,4.5,4.5,4.5
2005-10-03,4.51,4.51,4.51,4.51
2005-10-04,4.55,4.55,4.55,4.55
2005-10-05,4.54,4.54,4.54,4.54
2005-10-06,4.55,4.55,4.55,4.55
2005-10-07,4.54,4.54,4.54,4.54
2005-10-10,4.55,4.55,4.55,4.55
2005-10-11,4.54,4.54,4.54,4.54
2005-10-12,4.54,4.54,4.54,4.54
2005-10-13,4.53,4.53,4.53,4.53
2005-10-14,4.54,4.54,4.54,4.54
2005-10-17,4.53,4.53,4.53,4.53
2005-10-18,4.51,4.51,4.51,4.51
2005-10-19,4.52,4.52,4.52,4.52
2005-10-20,4.51,4.51,4.51,4.51
2005-10-21,4.52,4.52,4.52,4.52
2005-10-24,4.54,4.54,4.54,4.54
2005-10-25,4.54,4.54,4.54,4.54
2005-10-26,4.53,4.53,4.53,4.53
2005-10-27,4.62,4.62,4.62,4.62
2005-10-28,4.62,4.62,4.62,4.62
2005-10-31,4.62,4.62,4.62,4.62
2005-11-02,4.64,4.64,4.64,4.64
2005-11-03,4.64,4.64,4.64,4.64
2005-11-04,4.64,4.64,4.64,4.64
2005-11-07,4.65,4.65,4.65,4.65
2005-11-08,4.65,4.65,4.65,4.65
2005-11-09,4.65,4.65,4.65,4.65
2005-11-10,4.65,4.65,4.65,4.65
2005-11-14,4.65,4.65,4.65,4.65
2005-11-15,4.65,4.65,4.65,4.65
2005-11-16,4.65,4.65,4.65,4.65
2005-11-17,4.64,4.64,4.64,4.64
2005-11-18,4.64,4.64,4.64,4.64
2005-11-21,4.64,4.64,4.64,4.64
2005-11-22,4.63,4.63,4.63,4.63
2005-11-23,4.62,4.62,4.62,4.62
2005-11-24,4.62,4.62,4.62,4.62
2005-11-25,4.63,4.63,4.63,4.63
2005-11-28,4.62,4.62,4.62,4.62
2005-11-29,4.63,4.63,4.63,4.63
2005-11-30,4.63,4.63,4.63,4.63
2005-12-01,4.65,4.65,4.65,4.65
2005-12-02,4.64,4.64,4.64,4.64
2005-12-05,4.64,4.64,4.64,4.64
2005-12-06,4.64,4.64,4.64,4.64
2005-12-07,4.64,4.64,4.64,4.64
2005-12-08,4.63,4.63,4.63,4.63
2005-12-09,4.63,4.63,4.63,4.63
2005-12-12,4.61,4.61,4.61,4.61
2005-12-13,4.61,4.61,4.61,4.61
2005-12-14,4.63,4.63,4.63,4.63
2005-12-15,4.56,4.56,4.56,4.56
2005-12-16,4.6,4.6,4.6,4.6
2005-12-19,4.62,4.62,4.62,4.62
2005-12-20,4.63,4.63,4.63,4.63
2005-12-21,4.61,4.61,4.61,4.61
2005-12-22,4.61,4.61,4.61,4.61
2005-12-23,4.6,4.6,4.6,4.6
2005-12-27,4.6,4.6,4.6,4.6
2005-12-28,4.6,4.6,4.6,4.6
2005-12-29,4.6,4.6,4.6,4.6
2005-12-30,4.6,4.6,4.6,4.6
2006-01-02,4.61,4.61,4.61,4.61
2006-01-03,4.6,4.6,4.6,4.6
2006-01-04,4.56,4.56,4.56,4.56
2006-01-05,4.55,4.55,4.55,4.55
2006-01-06,4.55,4.55,4.55,4.55
2006-01-09,4.51,4.51,4.51,4.51
2006-01-10,4.5,4.5,4.5,4.5
2006-01-11,4.49,4.49,4.49,4.49
2006-01-12,4.49,4.49,4.49,4.49
2006-01-13,4.5,4.5,4.5,4.5
2006-01-16,4.47,4.47,4.47,4.47
2006-01-17,4.49,4.49,4.49,4.49
2006-01-18,4.49,4.49,4.49,4.49
2006-01-19,4.48,4.48,4.48,4.48
2006-01-20,4.46,4.46,4.46,4.46
2006-01-23,4.47,4.47,4.47,4.47
2006-01-24,4.46,4.46,4.46,4.46
2006-01-25,4.43,4.43,4.43,4.43
2006-01-26,4.4,4.4,4.4,4.4
2006-01-27,4.39,4.39,4.39,4.39
2006-01-30,4.4,4.4,4.4,4.4
2006-01-31,4.4,4.4,4.4,4.4
2006-02-01,4.34,4.34,4.34,4.34
2006-02-02,4.34,4.34,4.34,4.34
2006-02-03,4.34,4.34,4.34,4.34
2006-02-06,4.34,4.34,4.34,4.34
2006-02-07,4.34,4.34,4.34,4.34
2006-02-08,4.32,4.32,4.32,4.32
2006-02-09,4.32,4.32,4.32,4.32
2006-02-10,4.33,4.33,4.33,4.33
2006-02-13,4.32,4.32,4.32,4.32
2006-02-14,4.3,4.3,4.3,4.3
2006-02-15,4.27,4.27,4.27,4.27
2006-02-16,4.24,4.24,4.24,4.24
2006-02-17,4.2,4.2,4.2,4.2
2006-02-20,4.18,4.18,4.18,4.18
2006-02-21,4.19,4.19,4.19,4.19
2006-02-22,4.18,4.18,4.18,4.18
2006-02-23,4.19,4.19,4.19,4.19
2006-02-24,4.17,4.17,4.17,4.17
2006-02-27,4.16,4.16,4.16,4.16
2006-02-28,4.16,4.16,4.16,4.16
2006-03-01,4.08,4.08,4.08,4.08
2006-03-02,4.09,4.09,4.09,4.09
2006-03-03,4.08,4.08,4.08,4.08
2006-03-06,4.09,4.09,4.09,4.09
2006-03-07,4.1,4.1,4.1,4.1
2006-03-08,4.1,4.1,4.1,4.1
2006-03-09,4.11,4.11,4.11,4.11
2006-03-10,4.13,4.13,4.13,4.13
2006-03-13,4.12,4.12,4.12,4.12
2006-03-14,4.13,4.13,4.13,4.13
2006-03-15,4.11,4.11,4.11,4.11
2006-03-16,4.11,4.11,4.11,4.11
2006-03-17,4.1,4.1,4.1,4.1
2006-03-20,4.13,4.13,4.13,4.13
2006-03-21,4.13,4.13,4.13,4.13
2006-03-22,4.14,4.14,4.14,4.14
2006-03-23,4.13,4.13,4.13,4.13
2006-03-24,4.13,4.13,4.13,4.13
2006-03-27,4.15,4.15,4.15,4.15
2006-03-28,4.15,4.15,4.15,4.15
2006-03-29,4.16,4.16,4.16,4.16
2006-03-30,4.15,4.15,4.15,4.15
2006-03-31,4.17,4.17,4.17,4.17
2006-04-03,4.18,4.18,4.18,4.18
2006-04-04,4.17,4.17,4.17,4.17
2006-04-05,4.17,4.17,4.17,4.17
2006-04-06,4.15,4.15,4.15,4.15
2006-04-07,4.15,4.15,4.15,4.15
2006-04-10,4.16,4.16,4.16,4.16
2006-04-11,4.15,4.15,4.15,4.15
2006-04-12,4.14,4.14,4.14,4.14
2006-04-13,4.13,4.13,4.13,4.13
2006-04-18,4.11,4.11,4.11,4.11
2006-04-19,4.12,4.12,4.12,4.12
2006-04-20,4.11,4.11,4.11,4.11
2006-04-21,4.12,4.12,4.12,4.12
2006-04-24,4.13,4.13,4.13,4.13
2006-04-25,4.13,4.13,4.13,4.13
2006-04-26,4.13,4.13,4.13,4.13
2006-04-27,4.14,4.14,4.14,4.14
2006-04-28,4.13,4.13,4.13,4.13
2006-05-02,4.15,4.15,4.15,4.15
2006-05-04,4.16,4.16,4.16,4.16
2006-05-05,4.15,4.15,4.15,4.15
2006-05-08,4.15,4.15,4.15,4.15
2006-05-09,4.16,4.16,4.16,4.16
2006-05-10,4.16,4.16,4.16,4.16
2006-05-11,4.15,4.15,4.15,4.15
2006-05-12,4.15,4.15,4.15,4.15
2006-05-15,4.15,4.15,4.15,4.15
2006-05-16,4.15,4.15,4.15,4.15
2006-05-17,4.15,4.15,4.15,4.15
2006-05-18,4.16,4.16,4.16,4.16
2006-05-19,4.15,4.15,4.15,4.15
2006-05-22,4.15,4.15,4.15,4.15
2006-05-23,4.16,4.16,4.16,4.16
2006-05-24,4.16,4.16,4.16,4.16
2006-05-25,4.16,4.16,4.16,4.16
2006-05-26,4.16,4.16,4.16,4.16
2006-05-29,4.15,4.15,4.15,4.15
2006-05-30,4.15,4.15,4.15,4.15
2006-05-31,4.15,4.15,4.15,4.15
2006-06-01,4.14,4.14,4.14,4.14
2006-06-02,4.13,4.13,4.13,4.13
2006-06-05,4.13,4.13,4.13,4.13
2006-06-06,4.14,4.14,4.14,4.14
2006-06-07,4.15,4.15,4.15,4.15
2006-06-08,4.14,4.14,4.14,4.14
2006-06-09,4.14,4.14,4.14,4.14
2006-06-12,4.15,4.15,4.15,4.15
2006-06-13,4.17,4.17,4.17,4.17
2006-06-14,4.18,4.18,4.18,4.18
2006-06-16,4.18,4.18,4.18,4.18
2006-06-19,4.17,4.17,4.17,4.17
2006-06-20,4.16,4.16,4.16,4.16
2006-06-21,4.18,4.18,4.18,4.18
2006-06-22,4.17,4.17,4.17,4.17
2006-06-23,4.22,4.22,4.22,4.22
2006-06-26,4.23,4.23,4.23,4.23
2006-06-27,4.22,4.22,4.22,4.22
2006-06-28,4.23,4.23,4.23,4.23
2006-06-29,4.23,4.23,4.23,4.23
2006-06-30,4.21,4.21,4.21,4.21
2006-07-03,4.2,4.2,4.2,4.2
2006-07-04,4.19,4.19,4.19,4.19
2006-07-05,4.2,4.2,4.2,4.2
2006-07-06,4.19,4.19,4.19,4.19
2006-07-07,4.2,4.2,4.2,4.2
2006-07-10,4.22,4.22,4.22,4.22
2006-07-11,4.22,4.22,4.22,4.22
2006-07-12,4.21,4.21,4.21,4.21
2006-07-13,4.21,4.21,4.21,4.21
2006-07-14,4.21,4.21,4.21,4.21
2006-07-17,4.2,4.2,4.2,4.2
2006-07-18,4.19,4.19,4.19,4.19
2006-07-19,4.19,4.19,4.19,4.19
2006-07-20,4.18,4.18,4.18,4.18
2006-07-21,4.17,4.17,4.17,4.17
2006-07-24,4.18,4.18,4.18,4.18
2006-07-25,4.17,4.17,4.17,4.17
2006-07-26,4.18,4.18,4.18,4.18
2006-07-27,4.19,4.19,4.19,4.19
2006-07-28,4.18,4.18,4.18,4.18
2006-07-31,4.18,4.18,4.18,4.18
2006-08-01,4.2,4.2,4.2,4.2
2006-08-02,4.2,4.2,4.2,4.2
2006-08-03,4.19,4.19,4.19,4.19
2006-08-04,4.19,4.19,4.19,4.19
2006-08-07,4.18,4.18,4.18,4.18
2006-08-08,4.19,4.19,4.19,4.19
2006-08-09,4.19,4.19,4.19,4.19
2006-08-10,4.19,4.19,4.19,4.19
2006-08-11,4.18,4.18,4.18,4.18
2006-08-14,4.2,4.2,4.2,4.2
2006-08-16,4.18,4.18,4.18,4.18
2006-08-17,4.19,4.19,4.19,4.19
2006-08-18,4.2,4.2,4.2,4.2
2006-08-21,4.2,4.2,4.2,4.2
2006-08-22,4.2,4.2,4.2,4.2
2006-08-23,4.2,4.2,4.2,4.2
2006-08-24,4.2,4.2,4.2,4.2
2006-08-25,4.2,4.2,4.2,4.2
2006-08-28,4.21,4.21,4.21,4.21
2006-08-29,4.2,4.2,4.2,4.2
2006-08-30,4.19,4.19,4.19,4.19
2006-08-31,4.19,4.19,4.19,4.19
2006-09-01,4.2,4.2,4.2,4.2
2006-09-04,4.2,4.2,4.2,4.2
2006-09-05,4.2,4.2,4.2,4.2
2006-09-06,4.2,4.2,4.2,4.2
2006-09-07,4.21,4.21,4.21,4.21
2006-09-08,4.21,4.21,4.21,4.21
2006-09-11,4.21,4.21,4.21,4.21
2006-09-12,4.2,4.2,4.2,4.2
2006-09-13,4.21,4.21,4.21,4.21
2006-09-14,4.2,4.2,4.2,4.2
2006-09-15,4.21,4.21,4.21,4.21
2006-09-18,4.21,4.21,4.21,4.21
2006-09-19,4.23,4.23,4.23,4.23
2006-09-20,4.22,4.22,4.22,4.22
2006-09-21,4.21,4.21,4.21,4.21
2006-09-22,4.21,4.21,4.21,4.21
2006-09-25,4.22,4.22,4.22,4.22
2006-09-26,4.21,4.21,4.21,4.21
2006-09-27,4.2,4.2,4.2,4.2
2006-09-28,4.21,4.21,4.21,4.21
2006-09-29,4.22,4.22,4.22,4.22
2006-10-02,4.22,4.22,4.22,4.22
2006-10-03,4.23,4.23,4.23,4.23
2006-10-04,4.23,4.23,4.23,4.23
2006-10-05,4.24,4.24,4.24,4.24
2006-10-06,4.22,4.22,4.22,4.22
2006-10-09,4.23,4.23,4.23,4.23
2006-10-10,4.23,4.23,4.23,4.23
2006-10-11,4.23,4.23,4.23,4.23
2006-10-12,4.24,4.24,4.24,4.24
2006-10-13,4.22,4.22,4.22,4.22
2006-10-16,4.21,4.21,4.21,4.21
2006-10-17,4.21,4.21,4.21,4.21
2006-10-18,4.22,4.22,4.22,4.22
2006-10-19,4.2,4.2,4.2,4.2
2006-10-20,4.21,4.21,4.21,4.21
2006-10-23,4.2,4.2,4.2,4.2
2006-10-24,4.21,4.21,4.21,4.21
2006-10-25,4.2,4.2,4.2,4.2
2006-10-26,4.2,4.2,4.2,4.2
2006-10-27,4.2,4.2,4.2,4.2
2006-10-30,4.21,4.21,4.21,4.21
2006-10-31,4.21,4.21,4.21,4.21
2006-11-02,4.2,4.2,4.2,4.2
2006-11-03,4.21,4.21,4.21,4.21
2006-11-06,4.21,4.21,4.21,4.21
2006-11-07,4.2,4.2,4.2,4.2
2006-11-08,4.2,4.2,4.2,4.2
2006-11-09,4.2,4.2,4.2,4.2
2006-11-10,4.2,4.2,4.2,4.2
2006-11-13,4.2,4.2,4.2,4.2
2006-11-14,4.2,4.2,4.2,4.2
2006-11-15,4.19,4.19,4.19,4.19
2006-11-16,4.19,4.19,4.19,4.19
2006-11-17,4.19,4.19,4.19,4.19
2006-11-20,4.2,4.2,4.2,4.2
2006-11-21,4.19,4.19,4.19,4.19
2006-11-22,4.19,4.19,4.19,4.19
2006-11-23,4.19,4.19,4.19,4.19
2006-11-24,4.2,4.2,4.2,4.2
2006-11-27,4.19,4.19,4.19,4.19
2006-11-28,4.19,4.19,4.19,4.19
2006-11-29,4.2,4.2,4.2,4.2
2006-11-30,4.2,4.2,4.2,4.2
2006-12-01,4.2,4.2,4.2,4.2
2006-12-04,4.19,4.19,4.19,4.19
2006-12-05,4.2,4.2,4.2,4.2
2006-12-06,4.2,4.2,4.2,4.2
2006-12-07,4.2,4.2,4.2,4.2
2006-12-08,4.2,4.2,4.2,4.2
2006-12-11,4.2,4.2,4.2,4.2
2006-12-12,4.19,4.19,4.19,4.19
2006-12-13,4.19,4.19,4.19,4.19
2006-12-14,4.2,4.2,4.2,4.2
2006-12-15,4.2,4.2,4.2,4.2
2006-12-18,4.2,4.2,4.2,4.2
2006-12-19,4.2,4.2,4.2,4.2
2006-12-20,4.2,4.2,4.2,4.2
2006-12-21,4.21,4.21,4.21,4.21
2006-12-22,4.21,4.21,4.21,4.21
2006-12-27,4.2,4.2,4.2,4.2
2006-12-28,4.2,4.2,4.2,4.2
2006-12-29,4.2,4.2,4.2,4.2
2007-01-02,4.21,4.21,4.21,4.21
2007-01-03,4.21,4.21,4.21,4.21
2007-01-04,4.2,4.2,4.2,4.2
2007-01-05,4.2,4.2,4.2,4.2
2007-01-08,4.2,4.2,4.2,4.2
2007-01-09,4.2,4.2,4.2,4.2
2007-01-10,4.2,4.2,4.2,4.2
2007-01-11,4.2,4.2,4.2,4.2
2007-01-12,4.2,4.2,4.2,4.2
2007-01-15,4.19,4.19,4.19,4.19
2007-01-16,4.2,4.2,4.2,4.2
2007-01-17,4.2,4.2,4.2,4.2
2007-01-18,4.2,4.2,4.2,4.2
2007-01-19,4.19,4.19,4.19,4.19
2007-01-22,4.18,4.18,4.18,4.18
2007-01-23,4.19,4.19,4.19,4.19
2007-01-24,4.2,4.2,4.2,4.2
2007-01-25,4.19,4.19,4.19,4.19
2007-01-26,4.2,4.2,4.2,4.2
2007-01-29,4.2,4.2,4.2,4.2
2007-01-30,4.19,4.19,4.19,4.19
2007-01-31,4.19,4.19,4.19,4.19
2007-02-01,4.18,4.18,4.18,4.18
2007-02-02,4.19,4.19,4.19,4.19
2007-02-05,4.19,4.19,4.19,4.19
2007-02-06,4.2,4.2,4.2,4.2
2007-02-07,4.2,4.2,4.2,4.2
2007-02-08,4.2,4.2,4.2,4.2
2007-02-09,4.2,4.2,4.2,4.2
2007-02-12,4.2,4.2,4.2,4.2
2007-02-13,4.19,4.19,4.19,4.19
2007-02-14,4.2,4.2,4.2,4.2
2007-02-15,4.19,4.19,4.19,4.19
2007-02-16,4.2,4.2,4.2,4.2
2007-02-19,4.2,4.2,4.2,4.2
2007-02-20,4.2,4.2,4.2,4.2
2007-02-21,4.19,4.19,4.19,4.19
2007-02-22,4.2,4.2,4.2,4.2
2007-02-23,4.2,4.2,4.2,4.2
2007-02-26,4.2,4.2,4.2,4.2
2007-02-27,4.21,4.21,4.21,4.21
2007-02-28,4.22,4.22,4.22,4.22
2007-03-01,4.21,4.21,4.21,4.21
2007-03-02,4.21,4.21,4.21,4.21
2007-03-05,4.21,4.21,4.21,4.21
2007-03-06,4.21,4.21,4.21,4.21
2007-03-07,4.21,4.21,4.21,4.21
2007-03-08,4.21,4.21,4.21,4.21
2007-03-09,4.21,4.21,4.21,4.21
2007-03-12,4.2,4.2,4.2,4.2
2007-03-13,4.2,4.2,4.2,4.2
2007-03-14,4.21,4.21,4.21,4.21
2007-03-15,4.2,4.2,4.2,4.2
2007-03-16,4.2,4.2,4.2,4.2
2007-03-19,4.21,4.21,4.21,4.21
2007-03-20,4.22,4.22,4.22,4.22
2007-03-21,4.23,4.23,4.23,4.23
2007-03-22,4.23,4.23,4.23,4.23
2007-03-23,4.23,4.23,4.23,4.23
2007-03-26,4.23,4.23,4.23,4.23
2007-03-27,4.24,4.24,4.24,4.24
2007-03-28,4.23,4.23,4.23,4.23
2007-03-29,4.24,4.24,4.24,4.24
2007-03-30,4.24,4.24,4.24,4.24
2007-04-02,4.24,4.24,4.24,4.24
2007-04-03,4.24,4.24,4.24,4.24
2007-04-04,4.27,4.27,4.27,4.27
2007-04-05,4.29,4.29,4.29,4.29
2007-04-10,4.29,4.29,4.29,4.29
2007-04-11,4.29,4.29,4.29,4.29
2007-04-12,4.28,4.28,4.28,4.28
2007-04-13,4.29,4.29,4.29,4.29
2007-04-16,4.29,4.29,4.29,4.29
2007-04-17,4.31,4.31,4.31,4.31
2007-04-18,4.32,4.32,4.32,4.32
2007-04-19,4.35,4.35,4.35,4.35
2007-04-20,4.35,4.35,4.35,4.35
2007-04-23,4.35,4.35,4.35,4.35
2007-04-24,4.35,4.35,4.35,4.35
2007-04-25,4.35,4.35,4.35,4.35
2007-04-26,4.38,4.38,4.38,4.38
2007-04-27,4.4,4.4,4.4,4.4
2007-04-30,4.4,4.4,4.4,4.4
2007-05-02,4.42,4.42,4.42,4.42
2007-05-04,4.42,4.42,4.42,4.42
2007-05-07,4.43,4.43,4.43,4.43
2007-05-08,4.44,4.44,4.44,4.44
2007-05-09,4.44,4.44,4.44,4.44
2007-05-10,4.44,4.44,4.44,4.44
2007-05-11,4.44,4.44,4.44,4.44
2007-05-14,4.43,4.43,4.43,4.43
2007-05-15,4.43,4.43,4.43,4.43
2007-05-16,4.44,4.44,4.44,4.44
2007-05-17,4.44,4.44,4.44,4.44
2007-05-18,4.44,4.44,4.44,4.44
2007-05-21,4.44,4.44,4.44,4.44
2007-05-22,4.44,4.44,4.44,4.44
2007-05-23,4.44,4.44,4.44,4.44
2007-05-24,4.45,4.45,4.45,4.45
2007-05-25,4.45,4.45,4.45,4.45
2007-05-28,4.45,4.45,4.45,4.45
2007-05-29,4.45,4.45,4.45,4.45
2007-05-30,4.45,4.45,4.45,4.45
2007-05-31,4.44,4.44,4.44,4.44
2007-06-01,4.44,4.44,4.44,4.44
2007-06-04,4.45,4.45,4.45,4.45
2007-06-05,4.45,4.45,4.45,4.45
2007-06-06,4.46,4.46,4.46,4.46
2007-06-08,4.47,4.47,4.47,4.47
2007-06-11,4.47,4.47,4.47,4.47
2007-06-12,4.47,4.47,4.47,4.47
2007-06-13,4.47,4.47,4.47,4.47
2007-06-14,4.47,4.47,4.47,4.47
2007-06-15,4.47,4.47,4.47,4.47
2007-06-18,4.47,4.47,4.47,4.47
2007-06-19,4.48,4.48,4.48,4.48
2007-06-20,4.53,4.53,4.53,4.53
2007-06-21,4.56,4.56,4.56,4.56
2007-06-22,4.55,4.55,4.55,4.55
2007-06-25,4.56,4.56,4.56,4.56
2007-06-26,4.56,4.56,4.56,4.56
2007-06-27,4.57,4.57,4.57,4.57
2007-06-28,4.69,4.69,4.69,4.69
2007-06-29,4.71,4.71,4.71,4.71
2007-07-02,4.74,4.74,4.74,4.74
2007-07-03,4.75,4.75,4.75,4.75
2007-07-04,4.77,4.77,4.77,4.77
2007-07-05,4.77,4.77,4.77,4.77
2007-07-09,4.78,4.78,4.78,4.78
2007-07-10,4.78,4.78,4.78,4.78
2007-07-11,4.78,4.78,4.78,4.78
2007-07-12,4.78,4.78,4.78,4.78
2007-07-13,4.77,4.77,4.77,4.77
2007-07-16,4.76,4.76,4.76,4.76
2007-07-17,4.76,4.76,4.76,4.76
2007-07-18,4.77,4.77,4.77,4.77
2007-07-19,4.78,4.78,4.78,4.78
2007-07-20,4.78,4.78,4.78,4.78
2007-07-23,4.79,4.79,4.79,4.79
2007-07-24,4.8,4.8,4.8,4.8
2007-07-25,4.81,4.81,4.81,4.81
2007-07-26,4.79,4.79,4.79,4.79
2007-07-27,4.81,4.81,4.81,4.81
2007-07-30,4.81,4.81,4.81,4.81
2007-07-31,4.81,4.81,4.81,4.81
2007-08-01,4.82,4.82,4.82,4.82
2007-08-02,4.81,4.81,4.81,4.81
2007-08-03,4.82,4.82,4.82,4.82
2007-08-06,4.83,4.83,4.83,4.83
2007-08-07,4.83,4.83,4.83,4.83
2007-08-08,4.84,4.84,4.84,4.84
2007-08-09,4.86,4.86,4.86,4.86
2007-08-10,4.89,4.89,4.89,4.89
2007-08-13,4.89,4.89,4.89,4.89
2007-08-14,4.9,4.9,4.9,4.9
2007-08-16,4.9,4.9,4.9,4.9
2007-08-17,4.92,4.92,4.92,4.92
2007-08-20,4.93,4.93,4.93,4.93
2007-08-21,4.95,4.95,4.95,4.95
2007-08-22,4.96,4.96,4.96,4.96
2007-08-23,4.96,4.96,4.96,4.96
2007-08-24,4.95,4.95,4.95,4.95
2007-08-27,4.95,4.95,4.95,4.95
2007-08-28,4.95,4.95,4.95,4.95
2007-08-29,4.97,4.97,4.97,4.97
2007-08-30,5.03,5.03,5.03,5.03
2007-08-31,5.03,5.03,5.03,5.03
2007-09-03,5.06,5.06,5.06,5.06
2007-09-04,5.08,5.08,5.08,5.08
2007-09-05,5.09,5.09,5.09,5.09
2007-09-06,5.1,5.1,5.1,5.1
2007-09-07,5.1,5.1,5.1,5.1
2007-09-10,5.1,5.1,5.1,5.1
2007-09-11,5.09,5.09,5.09,5.09
2007-09-12,5.09,5.09,5.09,5.09
2007-09-13,5.09,5.09,5.09,5.09
2007-09-14,5.08,5.08,5.08,5.08
2007-09-17,5.07,5.07,5.07,5.07
2007-09-18,5.09,5.09,5.09,5.09
2007-09-19,5.1,5.1,5.1,5.1
2007-09-20,5.1,5.1,5.1,5.1
2007-09-21,5.1,5.1,5.1,5.1
2007-09-24,5.1,5.1,5.1,5.1
2007-09-25,5.09,5.09,5.09,5.09
2007-09-26,5.09,5.09,5.09,5.09
2007-09-27,5.1,5.1,5.1,5.1
2007-09-28,5.1,5.1,5.1,5.1
2007-10-01,5.09,5.09,5.09,5.09
2007-10-02,5.09,5.09,5.09,5.09
2007-10-03,5.09,5.09,5.09,5.09
2007-10-04,5.09,5.09,5.09,5.09
2007-10-05,5.09,5.09,5.09,5.09
2007-10-08,5.09,5.09,5.09,5.09
2007-10-09,5.09,5.09,5.09,5.09
2007-10-10,5.09,5.09,5.09,5.09
2007-10-11,5.09,5.09,5.09,5.09
2007-10-12,5.09,5.09,5.09,5.09
2007-10-15,5.09,5.09,5.09,5.09
2007-10-16,5.12,5.12,5.12,5.12
2007-10-17,5.14,5.14,5.14,5.14
2007-10-18,5.15,5.15,5.15,5.15
2007-10-19,5.15,5.15,5.15,5.15
2007-10-22,5.16,5.16,5.16,5.16
2007-10-23,5.16,5.16,5.16,5.16
2007-10-24,5.16,5.16,5.16,5.16
2007-10-25,5.17,5.17,5.17,5.17
2007-10-26,5.18,5.18,5.18,5.18
2007-10-29,5.18,5.18,5.18,5.18
2007-10-30,5.19,5.19,5.19,5.19
2007-10-31,5.21,5.21,5.21,5.21
2007-11-02,5.21,5.21,5.21,5.21
2007-11-05,5.22,5.22,5.22,5.22
2007-11-06,5.24,5.24,5.24,5.24
2007-11-07,5.26,5.26,5.26,5.26
2007-11-08,5.27,5.27,5.27,5.27
2007-11-09,5.28,5.28,5.28,5.28
2007-11-12,5.29,5.29,5.29,5.29
2007-11-13,5.29,5.29,5.29,5.29
2007-11-14,5.3,5.3,5.3,5.3
2007-11-15,5.32,5.32,5.32,5.32
2007-11-16,5.33,5.33,5.33,5.33
2007-11-19,5.35,5.35,5.35,5.35
2007-11-20,5.39,5.39,5.39,5.39
2007-11-21,5.42,5.42,5.42,5.42
2007-11-22,5.43,5.43,5.43,5.43
2007-11-23,5.47,5.47,5.47,5.47
2007-11-26,5.48,5.48,5.48,5.48
2007-11-27,5.49,5.49,5.49,5.49
2007-11-28,5.5,5.5,5.5,5.5
2007-11-29,5.54,5.54,5.54,5.54
2007-11-30,5.56,5.56,5.56,5.56
2007-12-03,5.59,5.59,5.59,5.59
2007-12-04,5.62,5.62,5.62,5.62
2007-12-05,5.64,5.64,5.64,5.64
2007-12-06,5.63,5.63,5.63,5.63
2007-12-07,5.65,5.65,5.65,5.65
2007-12-10,5.65,5.65,5.65,5.65
2007-12-11,5.64,5.64,5.64,5.64
2007-12-12,5.64,5.64,5.64,5.64
2007-12-13,5.65,5.65,5.65,5.65
2007-12-14,5.67,5.67,5.67,5.67
2007-12-17,5.66,5.66,5.66,5.66
2007-12-18,5.69,5.69,5.69,5.69
2007-12-19,5.71,5.71,5.71,5.71
2007-12-20,5.71,5.71,5.71,5.71
2007-12-21,5.7,5.7,5.7,5.7
2007-12-27,5.73,5.73,5.73,5.73
2007-12-28,5.7,5.7,5.7,5.7
2008-01-02,5.6,5.6,5.6,5.6
2008-01-03,5.62,5.62,5.62,5.62
2008-01-04,5.62,5.62,5.62,5.62
2008-01-07,5.64,5.64,5.64,5.64
2008-01-08,5.64,5.64,5.64,5.64
2008-01-09,5.65,5.65,5.65,5.65
2008-01-10,5.66,5.66,5.66,5.66
2008-01-11,5.65,5.65,5.65,5.65
2008-01-14,5.65,5.65,5.65,5.65
2008-01-15,5.65,5.65,5.65,5.65
2008-01-16,5.65,5.65,5.65,5.65
2008-01-17,5.65,5.65,5.65,5.65
2008-01-18,5.65,5.65,5.65,5.65
2008-01-21,5.66,5.66,5.66,5.66
2008-01-22,5.66,5.66,5.66,5.66
2008-01-23,5.65,5.65,5.65,5.65
2008-01-24,5.65,5.65,5.65,5.65
2008-01-25,5.64,5.64,5.64,5.64
2008-01-28,5.63,5.63,5.63,5.63
2008-01-29,5.64,5.64,5.64,5.64
2008-01-30,5.63,5.63,5.63,5.63
2008-01-31,5.65,5.65,5.65,5.65
2008-02-01,5.65,5.65,5.65,5.65
2008-02-04,5.65,5.65,5.65,5.65
2008-02-05,5.65,5.65,5.65,5.65
2008-02-06,5.65,5.65,5.65,5.65
2008-02-07,5.66,5.66,5.66,5.66
2008-02-08,5.66,5.66,5.66,5.66
2008-02-11,5.67,5.67,5.67,5.67
2008-02-12,5.67,5.67,5.67,5.67
2008-02-13,5.67,5.67,5.67,5.67
2008-02-14,5.67,5.67,5.67,5.67
2008-02-15,5.67,5.67,5.67,5.67
2008-02-18,5.71,5.71,5.71,5.71
2008-02-19,5.77,5.77,5.77,5.77
2008-02-20,5.8,5.8,5.8,5.8
2008-02-21,5.83,5.83,5.83,5.83
2008-02-22,5.83,5.83,5.83,5.83
2008-02-25,5.83,5.83,5.83,5.83
2008-02-26,5.85,5.85,5.85,5.85
2008-02-27,5.85,5.85,5.85,5.85
2008-02-28,5.92,5.92,5.92,5.92
2008-02-29,5.94,5.94,5.94,5.94
2008-03-03,5.93,5.93,5.93,5.93
2008-03-04,5.95,5.95,5.95,5.95
2008-03-05,5.95,5.95,5.95,5.95
2008-03-06,5.95,5.95,5.95,5.95
2008-03-07,5.99,5.99,5.99,5.99
2008-03-10,6,6,6,6
2008-03-11,5.99,5.99,5.99,5.99
2008-03-12,6.01,6.01,6.01,6.01
2008-03-13,6.03,6.03,6.03,6.03
2008-03-14,6.01,6.01,6.01,6.01
2008-03-17,6.03,6.03,6.03,6.03
2008-03-18,6.03,6.03,6.03,6.03
2008-03-19,6.04,6.04,6.04,6.04
2008-03-20,6.04,6.04,6.04,6.04
2008-03-25,6.05,6.05,6.05,6.05
2008-03-26,6.06,6.06,6.06,6.06
2008-03-27,6.06,6.06,6.06,6.06
2008-03-28,6.14,6.14,6.14,6.14
2008-03-31,6.15,6.15,6.15,6.15
2008-04-01,6.18,6.18,6.18,6.18
2008-04-02,6.2,6.2,6.2,6.2
2008-04-03,6.23,6.23,6.23,6.23
2008-04-04,6.27,6.27,6.27,6.27
2008-04-07,6.27,6.27,6.27,6.27
2008-04-08,6.28,6.28,6.28,6.28
2008-04-09,6.31,6.31,6.31,6.31
2008-04-10,6.31,6.31,6.31,6.31
2008-04-11,6.31,6.31,6.31,6.31
2008-04-14,6.3,6.3,6.3,6.3
2008-04-15,6.3,6.3,6.3,6.3
2008-04-16,6.28,6.28,6.28,6.28
2008-04-17,6.32,6.32,6.32,6.32
2008-04-18,6.31,6.31,6.31,6.31
2008-04-21,6.3,6.3,6.3,6.3
2008-04-22,6.31,6.31,6.31,6.31
2008-04-23,6.32,6.32,6.32,6.32
2008-04-24,6.32,6.32,6.32,6.32
2008-04-25,6.32,6.32,6.32,6.32
2008-04-28,6.31,6.31,6.31,6.31
2008-04-29,6.32,6.32,6.32,6.32
2008-04-30,6.34,6.34,6.34,6.34
2008-05-05,6.33,6.33,6.33,6.33
2008-05-06,6.33,6.33,6.33,6.33
2008-05-07,6.39,6.39,6.39,6.39
2008-05-08,6.39,6.39,6.39,6.39
2008-05-09,6.4,6.4,6.4,6.4
2008-05-12,6.4,6.4,6.4,6.4
2008-05-13,6.4,6.4,6.4,6.4
2008-05-14,6.41,6.41,6.41,6.41
2008-05-15,6.41,6.41,6.41,6.41
2008-05-16,6.41,6.41,6.41,6.41
2008-05-19,6.4,6.4,6.4,6.4
2008-05-20,6.43,6.43,6.43,6.43
2008-05-21,6.44,6.44,6.44,6.44
2008-05-23,6.45,6.45,6.45,6.45
2008-05-26,6.47,6.47,6.47,6.47
2008-05-27,6.48,6.48,6.48,6.48
2008-05-28,6.47,6.47,6.47,6.47
2008-05-29,6.47,6.47,6.47,6.47
2008-05-30,6.48,6.48,6.48,6.48
2008-06-02,6.51,6.51,6.51,6.51
2008-06-03,6.51,6.51,6.51,6.51
2008-06-04,6.51,6.51,6.51,6.51
2008-06-05,6.53,6.53,6.53,6.53
2008-06-06,6.57,6.57,6.57,6.57
2008-06-09,6.57,6.57,6.57,6.57
2008-06-10,6.57,6.57,6.57,6.57
2008-06-11,6.58,6.58,6.58,6.58
2008-06-12,6.59,6.59,6.59,6.59
2008-06-13,6.58,6.58,6.58,6.58
2008-06-16,6.58,6.58,6.58,6.58
2008-06-17,6.57,6.57,6.57,6.57
2008-06-18,6.58,6.58,6.58,6.58
2008-06-19,6.57,6.57,6.57,6.57
2008-06-20,6.58,6.58,6.58,6.58
2008-06-23,6.58,6.58,6.58,6.58
2008-06-24,6.59,6.59,6.59,6.59
2008-06-25,6.6,6.6,6.6,6.6
2008-06-26,6.63,6.63,6.63,6.63
2008-06-27,6.64,6.64,6.64,6.64
2008-06-30,6.65,6.65,6.65,6.65
2008-07-01,6.66,6.66,6.66,6.66
2008-07-02,6.67,6.67,6.67,6.67
2008-07-03,6.66,6.66,6.66,6.66
2008-07-04,6.66,6.66,6.66,6.66
2008-07-07,6.66,6.66,6.66,6.66
2008-07-08,6.66,6.66,6.66,6.66
2008-07-09,6.65,6.65,6.65,6.65
2008-07-10,6.65,6.65,6.65,6.65
2008-07-11,6.64,6.64,6.64,6.64
2008-07-14,6.65,6.65,6.65,6.65
2008-07-15,6.61,6.61,6.61,6.61
2008-07-16,6.6,6.6,6.6,6.6
2008-07-17,6.61,6.61,6.61,6.61
2008-07-18,6.61,6.61,6.61,6.61
2008-07-21,6.61,6.61,6.61,6.61
2008-07-22,6.61,6.61,6.61,6.61
2008-07-23,6.61,6.61,6.61,6.61
2008-07-24,6.58,6.58,6.58,6.58
2008-07-25,6.58,6.58,6.58,6.58
2008-07-28,6.59,6.59,6.59,6.59
2008-07-29,6.57,6.57,6.57,6.57
2008-07-30,6.56,6.56,6.56,6.56
2008-07-31,6.56,6.56,6.56,6.56
2008-08-01,6.55,6.55,6.55,6.55
2008-08-04,6.55,6.55,6.55,6.55
2008-08-05,6.55,6.55,6.55,6.55
2008-08-06,6.55,6.55,6.55,6.55
2008-08-07,6.54,6.54,6.54,6.54
2008-08-08,6.54,6.54,6.54,6.54
2008-08-11,6.55,6.55,6.55,6.55
2008-08-12,6.54,6.54,6.54,6.54
2008-08-13,6.54,6.54,6.54,6.54
2008-08-14,6.53,6.53,6.53,6.53
2008-08-18,6.53,6.53,6.53,6.53
2008-08-19,6.54,6.54,6.54,6.54
2008-08-20,6.54,6.54,6.54,6.54
2008-08-21,6.5,6.5,6.5,6.5
2008-08-22,6.49,6.49,6.49,6.49
2008-08-25,6.46,6.46,6.46,6.46
2008-08-26,6.47,6.47,6.47,6.47
2008-08-27,6.46,6.46,6.46,6.46
2008-08-28,6.49,6.49,6.49,6.49
2008-08-29,6.5,6.5,6.5,6.5
2008-09-01,6.5,6.5,6.5,6.5
2008-09-02,6.51,6.51,6.51,6.51
2008-09-03,6.5,6.5,6.5,6.5
2008-09-04,6.51,6.51,6.51,6.51
2008-09-05,6.52,6.52,6.52,6.52
2008-09-08,6.51,6.51,6.51,6.51
2008-09-09,6.51,6.51,6.51,6.51
2008-09-10,6.52,6.52,6.52,6.52
2008-09-11,6.53,6.53,6.53,6.53
2008-09-12,6.54,6.54,6.54,6.54
2008-09-15,6.54,6.54,6.54,6.54
2008-09-16,6.59,6.59,6.59,6.59
2008-09-17,6.6,6.6,6.6,6.6
2008-09-18,6.62,6.62,6.62,6.62
2008-09-19,6.61,6.61,6.61,6.61
2008-09-22,6.59,6.59,6.59,6.59
2008-09-23,6.59,6.59,6.59,6.59
2008-09-24,6.59,6.59,6.59,6.59
2008-09-25,6.59,6.59,6.59,6.59
2008-09-26,6.59,6.59,6.59,6.59
2008-09-29,6.59,6.59,6.59,6.59
2008-09-30,6.63,6.63,6.63,6.63
2008-10-01,6.67,6.67,6.67,6.67
2008-10-02,6.67,6.67,6.67,6.67
2008-10-03,6.7,6.7,6.7,6.7
2008-10-06,6.72,6.72,6.72,6.72
2008-10-07,6.74,6.74,6.74,6.74
2008-10-08,6.75,6.75,6.75,6.75
2008-10-09,6.8,6.8,6.8,6.8
2008-10-10,6.82,6.82,6.82,6.82
2008-10-13,6.81,6.81,6.81,6.81
2008-10-14,6.8,6.8,6.8,6.8
2008-10-15,6.8,6.8,6.8,6.8
2008-10-16,6.81,6.81,6.81,6.81
2008-10-17,6.82,6.82,6.82,6.82
2008-10-20,6.8,6.8,6.8,6.8
2008-10-21,6.81,6.81,6.81,6.81
2008-10-22,6.81,6.81,6.81,6.81
2008-10-23,6.85,6.85,6.85,6.85
2008-10-24,6.87,6.87,6.87,6.87
2008-10-27,6.86,6.86,6.86,6.86
2008-10-28,6.85,6.85,6.85,6.85
2008-10-29,6.86,6.86,6.86,6.86
2008-10-30,6.86,6.86,6.86,6.86
2008-10-31,6.85,6.85,6.85,6.85
2008-11-03,6.84,6.84,6.84,6.84
2008-11-04,6.85,6.85,6.85,6.85
2008-11-05,6.84,6.84,6.84,6.84
2008-11-06,6.83,6.83,6.83,6.83
2008-11-07,6.83,6.83,6.83,6.83
2008-11-10,6.82,6.82,6.82,6.82
2008-11-12,6.79,6.79,6.79,6.79
2008-11-13,6.77,6.77,6.77,6.77
2008-11-14,6.76,6.76,6.76,6.76
2008-11-17,6.73,6.73,6.73,6.73
2008-11-18,6.71,6.71,6.71,6.71
2008-11-19,6.72,6.72,6.72,6.72
2008-11-20,6.72,6.72,6.72,6.72
2008-11-21,6.71,6.71,6.71,6.71
2008-11-24,6.69,6.69,6.69,6.69
2008-11-25,6.69,6.69,6.69,6.69
2008-11-26,6.63,6.63,6.63,6.63
2008-11-27,6.56,6.56,6.56,6.56
2008-11-28,6.56,6.56,6.56,6.56
2008-12-01,6.55,6.55,6.55,6.55
2008-12-02,6.54,6.54,6.54,6.54
2008-12-03,6.55,6.55,6.55,6.55
2008-12-04,6.54,6.54,6.54,6.54
2008-12-05,6.54,6.54,6.54,6.54
2008-12-08,6.53,6.53,6.53,6.53
2008-12-09,6.48,6.48,6.48,6.48
2008-12-10,6.48,6.48,6.48,6.48
2008-12-11,6.48,6.48,6.48,6.48
2008-12-12,6.49,6.49,6.49,6.49
2008-12-15,6.49,6.49,6.49,6.49
2008-12-16,6.48,6.48,6.48,6.48
2008-12-17,6.48,6.48,6.48,6.48
2008-12-18,6.46,6.46,6.46,6.46
2008-12-19,6.45,6.45,6.45,6.45
2008-12-22,6.44,6.44,6.44,6.44
2008-12-23,6.41,6.41,6.41,6.41
2008-12-29,5.9,5.9,5.9,5.9
2008-12-30,5.86,5.86,5.86,5.86
2008-12-31,5.88,5.88,5.88,5.88
2009-01-05,5.84,5.84,5.84,5.84
2009-01-06,5.82,5.82,5.82,5.82
2009-01-07,5.81,5.81,5.81,5.81
2009-01-08,5.77,5.77,5.77,5.77
2009-01-09,5.76,5.76,5.76,5.76
2009-01-12,5.72,5.72,5.72,5.72
2009-01-13,5.68,5.68,5.68,5.68
2009-01-14,5.65,5.65,5.65,5.65
2009-01-15,5.63,5.63,5.63,5.63
2009-01-16,5.57,5.57,5.57,5.57
2009-01-19,5.56,5.56,5.56,5.56
2009-01-20,5.55,5.55,5.55,5.55
2009-01-21,5.51,5.51,5.51,5.51
2009-01-22,5.43,5.43,5.43,5.43
2009-01-23,5.36,5.36,5.36,5.36
2009-01-26,5.31,5.31,5.31,5.31
2009-01-27,5.15,5.15,5.15,5.15
2009-01-28,4.93,4.93,4.93,4.93
2009-01-29,4.88,4.88,4.88,4.88
2009-01-30,4.86,4.86,4.86,4.86
2009-02-02,4.8,4.8,4.8,4.8
2009-02-03,4.78,4.78,4.78,4.78
2009-02-04,4.76,4.76,4.76,4.76
2009-02-05,4.74,4.74,4.74,4.74
2009-02-06,4.74,4.74,4.74,4.74
2009-02-09,4.72,4.72,4.72,4.72
2009-02-10,4.71,4.71,4.71,4.71
2009-02-11,4.7,4.7,4.7,4.7
2009-02-12,4.68,4.68,4.68,4.68
2009-02-13,4.69,4.69,4.69,4.69
2009-02-16,4.69,4.69,4.69,4.69
2009-02-17,4.7,4.7,4.7,4.7
2009-02-18,4.7,4.7,4.7,4.7
2009-02-19,4.7,4.7,4.7,4.7
2009-02-20,4.69,4.69,4.69,4.69
2009-02-23,4.68,4.68,4.68,4.68
2009-02-24,4.63,4.63,4.63,4.63
2009-02-25,4.6,4.6,4.6,4.6
2009-02-26,4.53,4.53,4.53,4.53
2009-02-27,4.51,4.51,4.51,4.51
2009-03-02,4.48,4.48,4.48,4.48
2009-03-03,4.46,4.46,4.46,4.46
2009-03-04,4.44,4.44,4.44,4.44
2009-03-05,4.4,4.4,4.4,4.4
2009-03-06,4.38,4.38,4.38,4.38
2009-03-09,4.37,4.37,4.37,4.37
2009-03-10,4.37,4.37,4.37,4.37
2009-03-11,4.35,4.35,4.35,4.35
2009-03-12,4.33,4.33,4.33,4.33
2009-03-13,4.33,4.33,4.33,4.33
2009-03-16,4.3,4.3,4.3,4.3
2009-03-17,4.28,4.28,4.28,4.28
2009-03-18,4.27,4.27,4.27,4.27
2009-03-19,4.26,4.26,4.26,4.26
2009-03-20,4.27,4.27,4.27,4.27
2009-03-23,4.26,4.26,4.26,4.26
2009-03-24,4.23,4.23,4.23,4.23
2009-03-25,4.21,4.21,4.21,4.21
2009-03-26,4.14,4.14,4.14,4.14
2009-03-27,4.14,4.14,4.14,4.14
2009-03-30,4.14,4.14,4.14,4.14
2009-03-31,4.17,4.17,4.17,4.17
2009-04-01,4.16,4.16,4.16,4.16
2009-04-02,4.16,4.16,4.16,4.16
2009-04-03,4.16,4.16,4.16,4.16
2009-04-06,4.14,4.14,4.14,4.14
2009-04-07,4.14,4.14,4.14,4.14
2009-04-08,4.14,4.14,4.14,4.14
2009-04-09,4.14,4.14,4.14,4.14
2009-04-14,4.16,4.16,4.16,4.16
2009-04-15,4.19,4.19,4.19,4.19
2009-04-16,4.21,4.21,4.21,4.21
2009-04-17,4.22,4.22,4.22,4.22
2009-04-20,4.22,4.22,4.22,4.22
2009-04-21,4.23,4.23,4.23,4.23
2009-04-22,4.24,4.24,4.24,4.24
2009-04-23,4.24,4.24,4.24,4.24
2009-04-24,4.26,4.26,4.26,4.26
2009-04-27,4.27,4.27,4.27,4.27
2009-04-28,4.28,4.28,4.28,4.28
2009-04-29,4.29,4.29,4.29,4.29
2009-04-30,4.3,4.3,4.3,4.3
2009-05-04,4.32,4.32,4.32,4.32
2009-05-05,4.38,4.38,4.38,4.38
2009-05-06,4.42,4.42,4.42,4.42
2009-05-07,4.43,4.43,4.43,4.43
2009-05-08,4.45,4.45,4.45,4.45
2009-05-11,4.46,4.46,4.46,4.46
2009-05-12,4.47,4.47,4.47,4.47
2009-05-13,4.49,4.49,4.49,4.49
2009-05-14,4.5,4.5,4.5,4.5
2009-05-15,4.52,4.52,4.52,4.52
2009-05-18,4.53,4.53,4.53,4.53
2009-05-19,4.55,4.55,4.55,4.55
2009-05-20,4.56,4.56,4.56,4.56
2009-05-21,4.57,4.57,4.57,4.57
2009-05-22,4.58,4.58,4.58,4.58
2009-05-25,4.59,4.59,4.59,4.59
2009-05-26,4.61,4.61,4.61,4.61
2009-05-27,4.62,4.62,4.62,4.62
2009-05-28,4.64,4.64,4.64,4.64
2009-05-29,4.62,4.62,4.62,4.62
2009-06-01,4.62,4.62,4.62,4.62
2009-06-02,4.63,4.63,4.63,4.63
2009-06-03,4.64,4.64,4.64,4.64
2009-06-04,4.63,4.63,4.63,4.63
2009-06-05,4.63,4.63,4.63,4.63
2009-06-08,4.63,4.63,4.63,4.63
2009-06-09,4.64,4.64,4.64,4.64
2009-06-10,4.62,4.62,4.62,4.62
2009-06-12,4.63,4.63,4.63,4.63
2009-06-15,4.63,4.63,4.63,4.63
2009-06-16,4.62,4.62,4.62,4.62
2009-06-17,4.62,4.62,4.62,4.62
2009-06-18,4.64,4.64,4.64,4.64
2009-06-19,4.65,4.65,4.65,4.65
2009-06-22,4.64,4.64,4.64,4.64
2009-06-23,4.63,4.63,4.63,4.63
2009-06-24,4.62,4.62,4.62,4.62
2009-06-25,4.48,4.48,4.48,4.48
2009-06-26,4.47,4.47,4.47,4.47
2009-06-29,4.45,4.45,4.45,4.45
2009-06-30,4.44,4.44,4.44,4.44
2009-07-01,4.43,4.43,4.43,4.43
2009-07-02,4.41,4.41,4.41,4.41
2009-07-03,4.38,4.38,4.38,4.38
2009-07-06,4.36,4.36,4.36,4.36
2009-07-07,4.34,4.34,4.34,4.34
2009-07-08,4.33,4.33,4.33,4.33
2009-07-09,4.31,4.31,4.31,4.31
2009-07-10,4.29,4.29,4.29,4.29
2009-07-13,4.29,4.29,4.29,4.29
2009-07-14,4.29,4.29,4.29,4.29
2009-07-15,4.27,4.27,4.27,4.27
2009-07-16,4.24,4.24,4.24,4.24
2009-07-17,4.22,4.22,4.22,4.22
2009-07-20,4.21,4.21,4.21,4.21
2009-07-21,4.2,4.2,4.2,4.2
2009-07-22,4.18,4.18,4.18,4.18
2009-07-23,4.17,4.17,4.17,4.17
2009-07-24,4.18,4.18,4.18,4.18
2009-07-27,4.17,4.17,4.17,4.17
2009-07-28,4.17,4.17,4.17,4.17
2009-07-29,4.16,4.16,4.16,4.16
2009-07-30,4.17,4.17,4.17,4.17
2009-07-31,4.17,4.17,4.17,4.17
2009-08-03,4.16,4.16,4.16,4.16
2009-08-04,4.16,4.16,4.16,4.16
2009-08-05,4.16,4.16,4.16,4.16
2009-08-06,4.16,4.16,4.16,4.16
2009-08-07,4.15,4.15,4.15,4.15
2009-08-10,4.15,4.15,4.15,4.15
2009-08-11,4.15,4.15,4.15,4.15
2009-08-12,4.15,4.15,4.15,4.15
2009-08-13,4.15,4.15,4.15,4.15
2009-08-14,4.16,4.16,4.16,4.16
2009-08-17,4.16,4.16,4.16,4.16
2009-08-18,4.16,4.16,4.16,4.16
2009-08-19,4.16,4.16,4.16,4.16
2009-08-20,4.16,4.16,4.16,4.16
2009-08-21,4.16,4.16,4.16,4.16
2009-08-24,4.15,4.15,4.15,4.15
2009-08-25,4.16,4.16,4.16,4.16
2009-08-26,4.17,4.17,4.17,4.17
2009-08-27,4.16,4.16,4.16,4.16
2009-08-28,4.17,4.17,4.17,4.17
2009-08-31,4.18,4.18,4.18,4.18
2009-09-01,4.18,4.18,4.18,4.18
2009-09-02,4.17,4.17,4.17,4.17
2009-09-03,4.17,4.17,4.17,4.17
2009-09-04,4.18,4.18,4.18,4.18
2009-09-07,4.17,4.17,4.17,4.17
2009-09-08,4.16,4.16,4.16,4.16
2009-09-09,4.18,4.18,4.18,4.18
2009-09-10,4.18,4.18,4.18,4.18
2009-09-11,4.18,4.18,4.18,4.18
2009-09-14,4.18,4.18,4.18,4.18
2009-09-15,4.18,4.18,4.18,4.18
2009-09-16,4.2,4.2,4.2,4.2
2009-09-17,4.19,4.19,4.19,4.19
2009-09-18,4.18,4.18,4.18,4.18
2009-09-21,4.17,4.17,4.17,4.17
2009-09-22,4.17,4.17,4.17,4.17
2009-09-23,4.18,4.18,4.18,4.18
2009-09-24,4.18,4.18,4.18,4.18
2009-09-25,4.16,4.16,4.16,4.16
2009-09-28,4.18,4.18,4.18,4.18
2009-09-29,4.18,4.18,4.18,4.18
2009-09-30,4.18,4.18,4.18,4.18
2009-10-01,4.18,4.18,4.18,4.18
2009-10-02,4.19,4.19,4.19,4.19
2009-10-05,4.19,4.19,4.19,4.19
2009-10-06,4.18,4.18,4.18,4.18
2009-10-07,4.18,4.18,4.18,4.18
2009-10-08,4.18,4.18,4.18,4.18
2009-10-09,4.19,4.19,4.19,4.19
2009-10-12,4.19,4.19,4.19,4.19
2009-10-13,4.19,4.19,4.19,4.19
2009-10-14,4.19,4.19,4.19,4.19
2009-10-15,4.19,4.19,4.19,4.19
2009-10-16,4.19,4.19,4.19,4.19
2009-10-19,4.18,4.18,4.18,4.18
2009-10-20,4.18,4.18,4.18,4.18
2009-10-21,4.18,4.18,4.18,4.18
2009-10-22,4.18,4.18,4.18,4.18
2009-10-23,4.18,4.18,4.18,4.18
2009-10-26,4.18,4.18,4.18,4.18
2009-10-27,4.18,4.18,4.18,4.18
2009-10-28,4.18,4.18,4.18,4.18
2009-10-29,4.18,4.18,4.18,4.18
2009-10-30,4.18,4.18,4.18,4.18
2009-11-02,4.19,4.19,4.19,4.19
2009-11-03,4.19,4.19,4.19,4.19
2009-11-04,4.19,4.19,4.19,4.19
2009-11-05,4.19,4.19,4.19,4.19
2009-11-06,4.19,4.19,4.19,4.19
2009-11-09,4.19,4.19,4.19,4.19
2009-11-10,4.19,4.19,4.19,4.19
2009-11-12,4.2,4.2,4.2,4.2
2009-11-13,4.19,4.19,4.19,4.19
2009-11-16,4.2,4.2,4.2,4.2
2009-11-17,4.19,4.19,4.19,4.19
2009-11-18,4.19,4.19,4.19,4.19
2009-11-19,4.19,4.19,4.19,4.19
2009-11-20,4.19,4.19,4.19,4.19
2009-11-23,4.19,4.19,4.19,4.19
2009-11-24,4.19,4.19,4.19,4.19
2009-11-25,4.19,4.19,4.19,4.19
2009-11-26,4.2,4.2,4.2,4.2
2009-11-27,4.19,4.19,4.19,4.19
2009-11-30,4.19,4.19,4.19,4.19
2009-12-01,4.19,4.19,4.19,4.19
2009-12-02,4.19,4.19,4.19,4.19
2009-12-03,4.2,4.2,4.2,4.2
2009-12-04,4.2,4.2,4.2,4.2
2009-12-07,4.2,4.2,4.2,4.2
2009-12-08,4.2,4.2,4.2,4.2
2009-12-09,4.2,4.2,4.2,4.2
2009-12-10,4.21,4.21,4.21,4.21
2009-12-11,4.22,4.22,4.22,4.22
2009-12-14,4.23,4.23,4.23,4.23
2009-12-15,4.23,4.23,4.23,4.23
2009-12-16,4.25,4.25,4.25,4.25
2009-12-17,4.25,4.25,4.25,4.25
2009-12-18,4.24,4.24,4.24,4.24
2009-12-21,4.25,4.25,4.25,4.25
2009-12-22,4.26,4.26,4.26,4.26
2009-12-23,4.26,4.26,4.26,4.26
2009-12-28,4.26,4.26,4.26,4.26
2009-12-29,4.26,4.26,4.26,4.26
2009-12-30,4.27,4.27,4.27,4.27
2009-12-31,4.27,4.27,4.27,4.27
2010-01-04,4.27,4.27,4.27,4.27
2010-01-05,4.26,4.26,4.26,4.26
2010-01-06,4.25,4.25,4.25,4.25
2010-01-07,4.25,4.25,4.25,4.25
2010-01-08,4.26,4.26,4.26,4.26
2010-01-11,4.27,4.27,4.27,4.27
2010-01-12,4.26,4.26,4.26,4.26
2010-01-13,4.25,4.25,4.25,4.25
2010-01-14,4.26,4.26,4.26,4.26
2010-01-15,4.25,4.25,4.25,4.25
2010-01-18,4.24,4.24,4.24,4.24
2010-01-19,4.23,4.23,4.23,4.23
2010-01-20,4.22,4.22,4.22,4.22
2010-01-21,4.22,4.22,4.22,4.22
2010-01-22,4.22,4.22,4.22,4.22
2010-01-25,4.22,4.22,4.22,4.22
2010-01-26,4.22,4.22,4.22,4.22
2010-01-27,4.2,4.2,4.2,4.2
2010-01-28,4.2,4.2,4.2,4.2
2010-01-29,4.19,4.19,4.19,4.19
2010-02-01,4.2,4.2,4.2,4.2
2010-02-02,4.2,4.2,4.2,4.2
2010-02-03,4.2,4.2,4.2,4.2
2010-02-04,4.2,4.2,4.2,4.2
2010-02-05,4.2,4.2,4.2,4.2
2010-02-08,4.19,4.19,4.19,4.19
2010-02-09,4.19,4.19,4.19,4.19
2010-02-10,4.17,4.17,4.17,4.17
2010-02-11,4.17,4.17,4.17,4.17
2010-02-12,4.17,4.17,4.17,4.17
2010-02-15,4.18,4.18,4.18,4.18
2010-02-16,4.16,4.16,4.16,4.16
2010-02-17,4.16,4.16,4.16,4.16
2010-02-18,4.16,4.16,4.16,4.16
2010-02-19,4.16,4.16,4.16,4.16
2010-02-22,4.15,4.15,4.15,4.15
2010-02-23,4.15,4.15,4.15,4.15
2010-02-24,4.15,4.15,4.15,4.15
2010-02-25,4.14,4.14,4.14,4.14
2010-02-26,4.15,4.15,4.15,4.15
2010-03-01,4.15,4.15,4.15,4.15
2010-03-02,4.15,4.15,4.15,4.15
2010-03-03,4.15,4.15,4.15,4.15
2010-03-04,4.14,4.14,4.14,4.14
2010-03-05,4.14,4.14,4.14,4.14
2010-03-08,4.13,4.13,4.13,4.13
2010-03-09,4.13,4.13,4.13,4.13
2010-03-10,4.13,4.13,4.13,4.13
2010-03-11,4.13,4.13,4.13,4.13
2010-03-12,4.12,4.12,4.12,4.12
2010-03-15,4.13,4.13,4.13,4.13
2010-03-16,4.12,4.12,4.12,4.12
2010-03-17,4.14,4.14,4.14,4.14
2010-03-18,4.12,4.12,4.12,4.12
2010-03-19,4.12,4.12,4.12,4.12
2010-03-22,4.13,4.13,4.13,4.13
2010-03-23,4.12,4.12,4.12,4.12
2010-03-24,4.12,4.12,4.12,4.12
2010-03-25,4.12,4.12,4.12,4.12
2010-03-26,4.13,4.13,4.13,4.13
2010-03-29,4.13,4.13,4.13,4.13
2010-03-30,4.12,4.12,4.12,4.12
2010-03-31,4.1,4.1,4.1,4.1
2010-04-01,4.05,4.05,4.05,4.05
2010-04-06,4.05,4.05,4.05,4.05
2010-04-07,4.03,4.03,4.03,4.03
2010-04-08,4,4,4,4
2010-04-09,3.96,3.96,3.96,3.96
2010-04-12,3.93,3.93,3.93,3.93
2010-04-13,3.92,3.92,3.92,3.92
2010-04-14,3.9,3.9,3.9,3.9
2010-04-15,3.89,3.89,3.89,3.89
2010-04-16,3.89,3.89,3.89,3.89
2010-04-19,3.89,3.89,3.89,3.89
2010-04-20,3.88,3.88,3.88,3.88
2010-04-21,3.87,3.87,3.87,3.87
2010-04-22,3.87,3.87,3.87,3.87
2010-04-23,3.87,3.87,3.87,3.87
2010-04-26,3.87,3.87,3.87,3.87
2010-04-27,3.86,3.86,3.86,3.86
2010-04-28,3.86,3.86,3.86,3.86
2010-04-29,3.86,3.86,3.86,3.86
2010-04-30,3.86,3.86,3.86,3.86
2010-05-04,3.86,3.86,3.86,3.86
2010-05-05,3.87,3.87,3.87,3.87
2010-05-06,3.87,3.87,3.87,3.87
2010-05-07,3.87,3.87,3.87,3.87
2010-05-10,3.85,3.85,3.85,3.85
2010-05-11,3.86,3.86,3.86,3.86
2010-05-12,3.85,3.85,3.85,3.85
2010-05-13,3.85,3.85,3.85,3.85
2010-05-14,3.85,3.85,3.85,3.85
2010-05-17,3.84,3.84,3.84,3.84
2010-05-18,3.85,3.85,3.85,3.85
2010-05-19,3.85,3.85,3.85,3.85
2010-05-20,3.84,3.84,3.84,3.84
2010-05-21,3.85,3.85,3.85,3.85
2010-05-24,3.85,3.85,3.85,3.85
2010-05-25,3.85,3.85,3.85,3.85
2010-05-26,3.85,3.85,3.85,3.85
2010-05-27,3.85,3.85,3.85,3.85
2010-05-28,3.86,3.86,3.86,3.86
2010-05-31,3.86,3.86,3.86,3.86
2010-06-01,3.86,3.86,3.86,3.86
2010-06-02,3.85,3.85,3.85,3.85
2010-06-04,3.86,3.86,3.86,3.86
2010-06-07,3.85,3.85,3.85,3.85
2010-06-08,3.86,3.86,3.86,3.86
2010-06-09,3.85,3.85,3.85,3.85
2010-06-10,3.85,3.85,3.85,3.85
2010-06-11,3.87,3.87,3.87,3.87
2010-06-14,3.86,3.86,3.86,3.86
2010-06-15,3.86,3.86,3.86,3.86
2010-06-16,3.85,3.85,3.85,3.85
2010-06-17,3.86,3.86,3.86,3.86
2010-06-18,3.84,3.84,3.84,3.84
2010-06-21,3.85,3.85,3.85,3.85
2010-06-22,3.85,3.85,3.85,3.85
2010-06-23,3.86,3.86,3.86,3.86
2010-06-24,3.85,3.85,3.85,3.85
2010-06-25,3.85,3.85,3.85,3.85
2010-06-28,3.85,3.85,3.85,3.85
2010-06-29,3.86,3.86,3.86,3.86
2010-06-30,3.87,3.87,3.87,3.87
2010-07-01,3.87,3.87,3.87,3.87
2010-07-02,3.85,3.85,3.85,3.85
2010-07-05,3.85,3.85,3.85,3.85
2010-07-06,3.84,3.84,3.84,3.84
2010-07-07,3.85,3.85,3.85,3.85
2010-07-08,3.85,3.85,3.85,3.85
2010-07-09,3.85,3.85,3.85,3.85
2010-07-12,3.86,3.86,3.86,3.86
2010-07-13,3.86,3.86,3.86,3.86
2010-07-14,3.84,3.84,3.84,3.84
2010-07-15,3.84,3.84,3.84,3.84
2010-07-16,3.84,3.84,3.84,3.84
2010-07-19,3.83,3.83,3.83,3.83
2010-07-20,3.82,3.82,3.82,3.82
2010-07-21,3.82,3.82,3.82,3.82
2010-07-22,3.82,3.82,3.82,3.82
2010-07-23,3.81,3.81,3.81,3.81
2010-07-26,3.81,3.81,3.81,3.81
2010-07-27,3.82,3.82,3.82,3.82
2010-07-28,3.81,3.81,3.81,3.81
2010-07-29,3.82,3.82,3.82,3.82
2010-07-30,3.82,3.82,3.82,3.82
2010-08-02,3.81,3.81,3.81,3.81
2010-08-03,3.81,3.81,3.81,3.81
2010-08-04,3.81,3.81,3.81,3.81
2010-08-05,3.81,3.81,3.81,3.81
2010-08-06,3.8,3.8,3.8,3.8
2010-08-09,3.81,3.81,3.81,3.81
2010-08-10,3.81,3.81,3.81,3.81
2010-08-11,3.81,3.81,3.81,3.81
2010-08-12,3.81,3.81,3.81,3.81
2010-08-13,3.81,3.81,3.81,3.81
2010-08-16,3.82,3.82,3.82,3.82
2010-08-17,3.82,3.82,3.82,3.82
2010-08-18,3.82,3.82,3.82,3.82
2010-08-19,3.82,3.82,3.82,3.82
2010-08-20,3.82,3.82,3.82,3.82
2010-08-23,3.82,3.82,3.82,3.82
2010-08-24,3.81,3.81,3.81,3.81
2010-08-25,3.81,3.81,3.81,3.81
2010-08-26,3.81,3.81,3.81,3.81
2010-08-27,3.81,3.81,3.81,3.81
2010-08-30,3.81,3.81,3.81,3.81
2010-08-31,3.81,3.81,3.81,3.81
2010-09-01,3.81,3.81,3.81,3.81
2010-09-02,3.81,3.81,3.81,3.81
2010-09-03,3.81,3.81,3.81,3.81
2010-09-06,3.81,3.81,3.81,3.81
2010-09-07,3.81,3.81,3.81,3.81
2010-09-08,3.81,3.81,3.81,3.81
2010-09-09,3.81,3.81,3.81,3.81
2010-09-10,3.81,3.81,3.81,3.81
2010-09-13,3.81,3.81,3.81,3.81
2010-09-14,3.82,3.82,3.82,3.82
2010-09-15,3.82,3.82,3.82,3.82
2010-09-16,3.82,3.82,3.82,3.82
2010-09-17,3.83,3.83,3.83,3.83
2010-09-20,3.83,3.83,3.83,3.83
2010-09-21,3.83,3.83,3.83,3.83
2010-09-22,3.83,3.83,3.83,3.83
2010-09-23,3.83,3.83,3.83,3.83
2010-09-24,3.83,3.83,3.83,3.83
2010-09-27,3.83,3.83,3.83,3.83
2010-09-28,3.83,3.83,3.83,3.83
2010-09-29,3.84,3.84,3.84,3.84
2010-09-30,3.84,3.84,3.84,3.84
2010-10-01,3.84,3.84,3.84,3.84
2010-10-04,3.83,3.83,3.83,3.83
2010-10-05,3.83,3.83,3.83,3.83
2010-10-06,3.83,3.83,3.83,3.83
2010-10-07,3.82,3.82,3.82,3.82
2010-10-08,3.82,3.82,3.82,3.82
2010-10-11,3.82,3.82,3.82,3.82
2010-10-12,3.82,3.82,3.82,3.82
2010-10-13,3.82,3.82,3.82,3.82
2010-10-14,3.82,3.82,3.82,3.82
2010-10-15,3.82,3.82,3.82,3.82
2010-10-18,3.82,3.82,3.82,3.82
2010-10-19,3.82,3.82,3.82,3.82
2010-10-20,3.83,3.83,3.83,3.83
2010-10-21,3.84,3.84,3.84,3.84
2010-10-22,3.84,3.84,3.84,3.84
2010-10-25,3.84,3.84,3.84,3.84
2010-10-26,3.86,3.86,3.86,3.86
2010-10-27,3.86,3.86,3.86,3.86
2010-10-28,3.85,3.85,3.85,3.85
2010-10-29,3.85,3.85,3.85,3.85
2010-11-02,3.85,3.85,3.85,3.85
2010-11-03,3.85,3.85,3.85,3.85
2010-11-04,3.85,3.85,3.85,3.85
2010-11-05,3.85,3.85,3.85,3.85
2010-11-08,3.85,3.85,3.85,3.85
2010-11-09,3.86,3.86,3.86,3.86
2010-11-10,3.86,3.86,3.86,3.86
2010-11-12,3.86,3.86,3.86,3.86
2010-11-15,3.85,3.85,3.85,3.85
2010-11-16,3.85,3.85,3.85,3.85
2010-11-17,3.86,3.86,3.86,3.86
2010-11-18,3.86,3.86,3.86,3.86
2010-11-19,3.85,3.85,3.85,3.85
2010-11-22,3.86,3.86,3.86,3.86
2010-11-23,3.85,3.85,3.85,3.85
2010-11-24,3.85,3.85,3.85,3.85
2010-11-25,3.85,3.85,3.85,3.85
2010-11-26,3.85,3.85,3.85,3.85
2010-11-29,3.86,3.86,3.86,3.86
2010-11-30,3.88,3.88,3.88,3.88
2010-12-01,3.89,3.89,3.89,3.89
2010-12-02,3.9,3.9,3.9,3.9
2010-12-03,3.9,3.9,3.9,3.9
2010-12-06,3.9,3.9,3.9,3.9
2010-12-07,3.9,3.9,3.9,3.9
2010-12-08,3.9,3.9,3.9,3.9
2010-12-09,3.9,3.9,3.9,3.9
2010-12-10,3.91,3.91,3.91,3.91
2010-12-13,3.91,3.91,3.91,3.91
2010-12-14,3.91,3.91,3.91,3.91
2010-12-15,3.91,3.91,3.91,3.91
2010-12-16,3.91,3.91,3.91,3.91
2010-12-17,3.91,3.91,3.91,3.91
2010-12-20,3.92,3.92,3.92,3.92
2010-12-21,3.92,3.92,3.92,3.92
2010-12-22,3.92,3.92,3.92,3.92
2010-12-23,3.92,3.92,3.92,3.92
2010-12-27,3.93,3.93,3.93,3.93
2010-12-28,3.93,3.93,3.93,3.93
2010-12-29,3.94,3.94,3.94,3.94
2010-12-30,3.95,3.95,3.95,3.95
2010-12-31,3.95,3.95,3.95,3.95
2011-01-03,3.94,3.94,3.94,3.94
2011-01-04,3.95,3.95,3.95,3.95
2011-01-05,3.96,3.96,3.96,3.96
2011-01-07,3.95,3.95,3.95,3.95
2011-01-10,3.97,3.97,3.97,3.97
2011-01-11,3.97,3.97,3.97,3.97
2011-01-12,3.98,3.98,3.98,3.98
2011-01-13,3.98,3.98,3.98,3.98
2011-01-14,3.97,3.97,3.97,3.97
2011-01-17,3.98,3.98,3.98,3.98
2011-01-18,3.98,3.98,3.98,3.98
2011-01-19,3.98,3.98,3.98,3.98
2011-01-20,4.08,4.08,4.08,4.08
2011-01-21,4.08,4.08,4.08,4.08
2011-01-24,4.07,4.07,4.07,4.07
2011-01-25,4.07,4.07,4.07,4.07
2011-01-26,4.07,4.07,4.07,4.07
2011-01-27,4.07,4.07,4.07,4.07
2011-01-28,4.07,4.07,4.07,4.07
2011-01-31,4.09,4.09,4.09,4.09
2011-02-01,4.08,4.08,4.08,4.08
2011-02-02,4.09,4.09,4.09,4.09
2011-02-03,4.09,4.09,4.09,4.09
2011-02-04,4.09,4.09,4.09,4.09
2011-02-07,4.09,4.09,4.09,4.09
2011-02-08,4.1,4.1,4.1,4.1
2011-02-09,4.09,4.09,4.09,4.09
2011-02-10,4.1,4.1,4.1,4.1
2011-02-11,4.11,4.11,4.11,4.11
2011-02-14,4.1,4.1,4.1,4.1
2011-02-15,4.12,4.12,4.12,4.12
2011-02-16,4.12,4.12,4.12,4.12
2011-02-17,4.12,4.12,4.12,4.12
2011-02-18,4.13,4.13,4.13,4.13
2011-02-21,4.13,4.13,4.13,4.13
2011-02-22,4.14,4.14,4.14,4.14
2011-02-23,4.13,4.13,4.13,4.13
2011-02-24,4.15,4.15,4.15,4.15
2011-02-25,4.15,4.15,4.15,4.15
2011-02-28,4.15,4.15,4.15,4.15
2011-03-01,4.16,4.16,4.16,4.16
2011-03-02,4.17,4.17,4.17,4.17
2011-03-03,4.16,4.16,4.16,4.16
2011-03-04,4.16,4.16,4.16,4.16
2011-03-07,4.17,4.17,4.17,4.17
2011-03-08,4.18,4.18,4.18,4.18
2011-03-09,4.18,4.18,4.18,4.18
2011-03-10,4.17,4.17,4.17,4.17
2011-03-11,4.18,4.18,4.18,4.18
2011-03-14,4.18,4.18,4.18,4.18
2011-03-15,4.18,4.18,4.18,4.18
2011-03-16,4.18,4.18,4.18,4.18
2011-03-17,4.18,4.18,4.18,4.18
2011-03-18,4.18,4.18,4.18,4.18
2011-03-21,4.18,4.18,4.18,4.18
2011-03-22,4.18,4.18,4.18,4.18
2011-03-23,4.19,4.19,4.19,4.19
2011-03-24,4.18,4.18,4.18,4.18
2011-03-25,4.19,4.19,4.19,4.19
2011-03-28,4.19,4.19,4.19,4.19
2011-03-29,4.19,4.19,4.19,4.19
2011-03-30,4.19,4.19,4.19,4.19
2011-03-31,4.19,4.19,4.19,4.19
2011-04-01,4.2,4.2,4.2,4.2
2011-04-04,4.2,4.2,4.2,4.2
2011-04-05,4.21,4.21,4.21,4.21
2011-04-06,4.25,4.25,4.25,4.25
2011-04-07,4.25,4.25,4.25,4.25
2011-04-08,4.26,4.26,4.26,4.26
2011-04-11,4.26,4.26,4.26,4.26
2011-04-12,4.27,4.27,4.27,4.27
2011-04-13,4.27,4.27,4.27,4.27
2011-04-14,4.29,4.29,4.29,4.29
2011-04-15,4.29,4.29,4.29,4.29
2011-04-18,4.3,4.3,4.3,4.3
2011-04-19,4.29,4.29,4.29,4.29
2011-04-20,4.29,4.29,4.29,4.29
2011-04-21,4.29,4.29,4.29,4.29
2011-04-26,4.3,4.3,4.3,4.3
2011-04-27,4.3,4.3,4.3,4.3
2011-04-28,4.3,4.3,4.3,4.3
2011-04-29,4.3,4.3,4.3,4.3
2011-05-02,4.3,4.3,4.3,4.3
2011-05-04,4.3,4.3,4.3,4.3
2011-05-05,4.3,4.3,4.3,4.3
2011-05-06,4.31,4.31,4.31,4.31
2011-05-09,4.31,4.31,4.31,4.31
2011-05-10,4.31,4.31,4.31,4.31
2011-05-11,4.31,4.31,4.31,4.31
2011-05-12,4.42,4.42,4.42,4.42
2011-05-13,4.44,4.44,4.44,4.44
2011-05-16,4.44,4.44,4.44,4.44
2011-05-17,4.45,4.45,4.45,4.45
2011-05-18,4.45,4.45,4.45,4.45
2011-05-19,4.45,4.45,4.45,4.45
2011-05-20,4.45,4.45,4.45,4.45
2011-05-23,4.45,4.45,4.45,4.45
2011-05-24,4.46,4.46,4.46,4.46
2011-05-25,4.45,4.45,4.45,4.45
2011-05-26,4.45,4.45,4.45,4.45
2011-05-27,4.45,4.45,4.45,4.45
2011-05-30,4.45,4.45,4.45,4.45
2011-05-31,4.45,4.45,4.45,4.45
2011-06-01,4.45,4.45,4.45,4.45
2011-06-02,4.45,4.45,4.45,4.45
2011-06-03,4.45,4.45,4.45,4.45
2011-06-06,4.45,4.45,4.45,4.45
2011-06-07,4.46,4.46,4.46,4.46
2011-06-08,4.47,4.47,4.47,4.47
2011-06-09,4.65,4.65,4.65,4.65
2011-06-10,4.66,4.66,4.66,4.66
2011-06-13,4.66,4.66,4.66,4.66
2011-06-14,4.66,4.66,4.66,4.66
2011-06-15,4.66,4.66,4.66,4.66
2011-06-16,4.67,4.67,4.67,4.67
2011-06-17,4.66,4.66,4.66,4.66
2011-06-20,4.66,4.66,4.66,4.66
2011-06-21,4.67,4.67,4.67,4.67
2011-06-22,4.68,4.68,4.68,4.68
2011-06-24,4.68,4.68,4.68,4.68
2011-06-27,4.69,4.69,4.69,4.69
2011-06-28,4.7,4.7,4.7,4.7
2011-06-29,4.71,4.71,4.71,4.71
2011-06-30,4.69,4.69,4.69,4.69
2011-07-01,4.7,4.7,4.7,4.7
2011-07-04,4.7,4.7,4.7,4.7
2011-07-05,4.7,4.7,4.7,4.7
2011-07-06,4.69,4.69,4.69,4.69
2011-07-07,4.7,4.7,4.7,4.7
2011-07-08,4.69,4.69,4.69,4.69
2011-07-11,4.7,4.7,4.7,4.7
2011-07-12,4.7,4.7,4.7,4.7
2011-07-13,4.7,4.7,4.7,4.7
2011-07-14,4.7,4.7,4.7,4.7
2011-07-15,4.7,4.7,4.7,4.7
2011-07-18,4.69,4.69,4.69,4.69
2011-07-19,4.7,4.7,4.7,4.7
2011-07-20,4.71,4.71,4.71,4.71
2011-07-21,4.71,4.71,4.71,4.71
2011-07-22,4.71,4.71,4.71,4.71
2011-07-25,4.7,4.7,4.7,4.7
2011-07-26,4.7,4.7,4.7,4.7
2011-07-27,4.71,4.71,4.71,4.71
2011-07-28,4.7,4.7,4.7,4.7
2011-07-29,4.71,4.71,4.71,4.71
2011-08-01,4.71,4.71,4.71,4.71
2011-08-02,4.71,4.71,4.71,4.71
2011-08-03,4.71,4.71,4.71,4.71
2011-08-04,4.72,4.72,4.72,4.72
2011-08-05,4.71,4.71,4.71,4.71
2011-08-08,4.71,4.71,4.71,4.71
2011-08-09,4.73,4.73,4.73,4.73
2011-08-10,4.72,4.72,4.72,4.72
2011-08-11,4.72,4.72,4.72,4.72
2011-08-12,4.72,4.72,4.72,4.72
2011-08-16,4.71,4.71,4.71,4.71
2011-08-17,4.71,4.71,4.71,4.71
2011-08-18,4.71,4.71,4.71,4.71
2011-08-19,4.72,4.72,4.72,4.72
2011-08-22,4.71,4.71,4.71,4.71
2011-08-23,4.72,4.72,4.72,4.72
2011-08-24,4.72,4.72,4.72,4.72
2011-08-25,4.72,4.72,4.72,4.72
2011-08-26,4.72,4.72,4.72,4.72
2011-08-29,4.72,4.72,4.72,4.72
2011-08-30,4.72,4.72,4.72,4.72
2011-08-31,4.72,4.72,4.72,4.72
2011-09-01,4.72,4.72,4.72,4.72
2011-09-02,4.72,4.72,4.72,4.72
2011-09-05,4.72,4.72,4.72,4.72
2011-09-06,4.72,4.72,4.72,4.72
2011-09-07,4.73,4.73,4.73,4.73
2011-09-08,4.73,4.73,4.73,4.73
2011-09-09,4.74,4.74,4.74,4.74
2011-09-12,4.74,4.74,4.74,4.74
2011-09-13,4.74,4.74,4.74,4.74
2011-09-14,4.75,4.75,4.75,4.75
2011-09-15,4.75,4.75,4.75,4.75
2011-09-16,4.76,4.76,4.76,4.76
2011-09-19,4.76,4.76,4.76,4.76
2011-09-20,4.76,4.76,4.76,4.76
2011-09-21,4.76,4.76,4.76,4.76
2011-09-22,4.75,4.75,4.75,4.75
2011-09-23,4.76,4.76,4.76,4.76
2011-09-26,4.76,4.76,4.76,4.76
2011-09-27,4.76,4.76,4.76,4.76
2011-09-28,4.76,4.76,4.76,4.76
2011-09-29,4.76,4.76,4.76,4.76
2011-09-30,4.76,4.76,4.76,4.76
2011-10-03,4.76,4.76,4.76,4.76
2011-10-04,4.76,4.76,4.76,4.76
2011-10-05,4.75,4.75,4.75,4.75
2011-10-06,4.76,4.76,4.76,4.76
2011-10-07,4.76,4.76,4.76,4.76
2011-10-10,4.75,4.75,4.75,4.75
2011-10-11,4.75,4.75,4.75,4.75
2011-10-12,4.75,4.75,4.75,4.75
2011-10-13,4.75,4.75,4.75,4.75
2011-10-14,4.76,4.76,4.76,4.76
2011-10-17,4.76,4.76,4.76,4.76
2011-10-18,4.76,4.76,4.76,4.76
2011-10-19,4.77,4.77,4.77,4.77
2011-10-20,4.83,4.83,4.83,4.83
2011-10-21,4.83,4.83,4.83,4.83
2011-10-24,4.87,4.87,4.87,4.87
2011-10-25,4.89,4.89,4.89,4.89
2011-10-26,4.89,4.89,4.89,4.89
2011-10-27,4.89,4.89,4.89,4.89
2011-10-28,4.9,4.9,4.9,4.9
2011-10-31,4.91,4.91,4.91,4.91
2011-11-02,4.92,4.92,4.92,4.92
2011-11-03,4.91,4.91,4.91,4.91
2011-11-04,4.92,4.92,4.92,4.92
2011-11-07,4.92,4.92,4.92,4.92
2011-11-08,4.93,4.93,4.93,4.93
2011-11-09,4.93,4.93,4.93,4.93
2011-11-10,4.93,4.93,4.93,4.93
2011-11-14,4.94,4.94,4.94,4.94
2011-11-15,4.94,4.94,4.94,4.94
2011-11-16,4.94,4.94,4.94,4.94
2011-11-17,4.94,4.94,4.94,4.94
2011-11-18,4.95,4.95,4.95,4.95
2011-11-21,4.94,4.94,4.94,4.94
2011-11-22,4.94,4.94,4.94,4.94
2011-11-23,4.94,4.94,4.94,4.94
2011-11-24,4.96,4.96,4.96,4.96
2011-11-25,4.96,4.96,4.96,4.96
2011-11-28,4.95,4.95,4.95,4.95
2011-11-29,4.96,4.96,4.96,4.96
2011-11-30,4.97,4.97,4.97,4.97
2011-12-01,4.97,4.97,4.97,4.97
2011-12-02,4.97,4.97,4.97,4.97
2011-12-05,4.97,4.97,4.97,4.97
2011-12-06,4.97,4.97,4.97,4.97
2011-12-07,4.98,4.98,4.98,4.98
2011-12-08,4.98,4.98,4.98,4.98
2011-12-09,4.98,4.98,4.98,4.98
2011-12-12,4.98,4.98,4.98,4.98
2011-12-13,4.98,4.98,4.98,4.98
2011-12-14,4.98,4.98,4.98,4.98
2011-12-15,4.99,4.99,4.99,4.99
2011-12-16,4.99,4.99,4.99,4.99
2011-12-19,4.98,4.98,4.98,4.98
2011-12-20,4.99,4.99,4.99,4.99
2011-12-21,4.99,4.99,4.99,4.99
2011-12-22,4.99,4.99,4.99,4.99
2011-12-23,4.99,4.99,4.99,4.99
2011-12-27,4.99,4.99,4.99,4.99
2011-12-28,4.99,4.99,4.99,4.99
2011-12-29,4.98,4.98,4.98,4.98
2011-12-30,4.99,4.99,4.99,4.99
2012-01-02,4.99,4.99,4.99,4.99
2012-01-03,4.99,4.99,4.99,4.99
2012-01-04,4.99,4.99,4.99,4.99
2012-01-05,4.99,4.99,4.99,4.99
2012-01-09,4.99,4.99,4.99,4.99
2012-01-10,5,5,5,5
2012-01-11,4.99,4.99,4.99,4.99
2012-01-12,4.99,4.99,4.99,4.99
2012-01-13,4.98,4.98,4.98,4.98
2012-01-16,4.98,4.98,4.98,4.98
2012-01-17,4.99,4.99,4.99,4.99
2012-01-18,4.99,4.99,4.99,4.99
2012-01-19,4.98,4.98,4.98,4.98
2012-01-20,4.98,4.98,4.98,4.98
2012-01-23,4.97,4.97,4.97,4.97
2012-01-24,4.98,4.98,4.98,4.98
2012-01-25,4.98,4.98,4.98,4.98
2012-01-26,4.98,4.98,4.98,4.98
2012-01-27,4.98,4.98,4.98,4.98
2012-01-30,4.99,4.99,4.99,4.99
2012-01-31,4.99,4.99,4.99,4.99
2012-02-01,4.99,4.99,4.99,4.99
2012-02-02,4.98,4.98,4.98,4.98
2012-02-03,4.98,4.98,4.98,4.98
2012-02-06,4.98,4.98,4.98,4.98
2012-02-07,4.98,4.98,4.98,4.98
2012-02-08,4.98,4.98,4.98,4.98
2012-02-09,4.98,4.98,4.98,4.98
2012-02-10,4.98,4.98,4.98,4.98
2012-02-13,4.98,4.98,4.98,4.98
2012-02-14,4.98,4.98,4.98,4.98
2012-02-15,4.98,4.98,4.98,4.98
2012-02-16,4.97,4.97,4.97,4.97
2012-02-17,4.97,4.97,4.97,4.97
2012-02-20,4.98,4.98,4.98,4.98
2012-02-21,4.97,4.97,4.97,4.97
2012-02-22,4.97,4.97,4.97,4.97
2012-02-23,4.97,4.97,4.97,4.97
2012-02-24,4.97,4.97,4.97,4.97
2012-02-27,4.96,4.96,4.96,4.96
2012-02-29,4.96,4.96,4.96,4.96
2012-03-01,4.96,4.96,4.96,4.96
2012-03-02,4.96,4.96,4.96,4.96
2012-03-05,4.95,4.95,4.95,4.95
2012-03-06,4.95,4.95,4.95,4.95
2012-03-07,4.96,4.96,4.96,4.96
2012-03-08,4.95,4.95,4.95,4.95
2012-03-09,4.94,4.94,4.94,4.94
2012-03-12,4.94,4.94,4.94,4.94
2012-03-13,4.95,4.95,4.95,4.95
2012-03-14,4.95,4.95,4.95,4.95
2012-03-15,4.94,4.94,4.94,4.94
2012-03-16,4.95,4.95,4.95,4.95
2012-03-19,4.95,4.95,4.95,4.95
2012-03-20,4.95,4.95,4.95,4.95
2012-03-21,4.95,4.95,4.95,4.95
2012-03-22,4.95,4.95,4.95,4.95
2012-03-23,4.94,4.94,4.94,4.94
2012-03-26,4.94,4.94,4.94,4.94
2012-03-27,4.94,4.94,4.94,4.94
2012-03-28,4.95,4.95,4.95,4.95
2012-03-29,4.94,4.94,4.94,4.94
2012-03-30,4.94,4.94,4.94,4.94
2012-04-02,4.94,4.94,4.94,4.94
2012-04-03,4.94,4.94,4.94,4.94
2012-04-04,4.94,4.94,4.94,4.94
2012-04-05,4.94,4.94,4.94,4.94
2012-04-10,4.94,4.94,4.94,4.94
2012-04-11,4.94,4.94,4.94,4.94
2012-04-12,4.94,4.94,4.94,4.94
2012-04-13,4.94,4.94,4.94,4.94
2012-04-16,4.95,4.95,4.95,4.95
2012-04-17,4.95,4.95,4.95,4.95
2012-04-18,4.95,4.95,4.95,4.95
2012-04-19,4.95,4.95,4.95,4.95
2012-04-20,4.94,4.94,4.94,4.94
2012-04-23,4.94,4.94,4.94,4.94
2012-04-24,4.94,4.94,4.94,4.94
2012-04-25,4.94,4.94,4.94,4.94
2012-04-26,4.94,4.94,4.94,4.94
2012-04-27,4.95,4.95,4.95,4.95
2012-04-30,4.95,4.95,4.95,4.95
2012-05-02,4.94,4.94,4.94,4.94
2012-05-04,4.94,4.94,4.94,4.94
2012-05-07,4.94,4.94,4.94,4.94
2012-05-08,4.95,4.95,4.95,4.95
2012-05-09,4.94,4.94,4.94,4.94
2012-05-10,5.05,5.05,5.05,5.05
2012-05-11,5.06,5.06,5.06,5.06
2012-05-14,5.06,5.06,5.06,5.06
2012-05-15,5.06,5.06,5.06,5.06
2012-05-16,5.07,5.07,5.07,5.07
2012-05-17,5.07,5.07,5.07,5.07
2012-05-18,5.08,5.08,5.08,5.08
2012-05-21,5.08,5.08,5.08,5.08
2012-05-22,5.08,5.08,5.08,5.08
2012-05-23,5.09,5.09,5.09,5.09
2012-05-24,5.09,5.09,5.09,5.09
2012-05-25,5.09,5.09,5.09,5.09
2012-05-28,5.1,5.1,5.1,5.1
2012-05-29,5.09,5.09,5.09,5.09
2012-05-30,5.1,5.1,5.1,5.1
2012-05-31,5.11,5.11,5.11,5.11
2012-06-01,5.11,5.11,5.11,5.11
2012-06-04,5.11,5.11,5.11,5.11
2012-06-05,5.12,5.12,5.12,5.12
2012-06-06,5.12,5.12,5.12,5.12
2012-06-08,5.12,5.12,5.12,5.12
2012-06-11,5.12,5.12,5.12,5.12
2012-06-12,5.11,5.11,5.11,5.11
2012-06-13,5.12,5.12,5.12,5.12
2012-06-14,5.12,5.12,5.12,5.12
2012-06-15,5.11,5.11,5.11,5.11
2012-06-18,5.11,5.11,5.11,5.11
2012-06-19,5.11,5.11,5.11,5.11
2012-06-20,5.12,5.12,5.12,5.12
2012-06-21,5.13,5.13,5.13,5.13
2012-06-22,5.13,5.13,5.13,5.13
2012-06-25,5.12,5.12,5.12,5.12
2012-06-26,5.13,5.13,5.13,5.13
2012-06-27,5.13,5.13,5.13,5.13
2012-06-28,5.13,5.13,5.13,5.13
2012-06-29,5.13,5.13,5.13,5.13
2012-07-02,5.13,5.13,5.13,5.13
2012-07-03,5.13,5.13,5.13,5.13
2012-07-04,5.13,5.13,5.13,5.13
2012-07-05,5.13,5.13,5.13,5.13
2012-07-06,5.13,5.13,5.13,5.13
2012-07-09,5.13,5.13,5.13,5.13
2012-07-10,5.13,5.13,5.13,5.13
2012-07-11,5.14,5.14,5.14,5.14
2012-07-12,5.13,5.13,5.13,5.13
2012-07-13,5.13,5.13,5.13,5.13
2012-07-16,5.12,5.12,5.12,5.12
2012-07-17,5.13,5.13,5.13,5.13
2012-07-18,5.13,5.13,5.13,5.13
2012-07-19,5.13,5.13,5.13,5.13
2012-07-20,5.13,5.13,5.13,5.13
2012-07-23,5.13,5.13,5.13,5.13
2012-07-24,5.12,5.12,5.12,5.12
2012-07-25,5.12,5.12,5.12,5.12
2012-07-26,5.12,5.12,5.12,5.12
2012-07-27,5.12,5.12,5.12,5.12
2012-07-30,5.12,5.12,5.12,5.12
2012-07-31,5.11,5.11,5.11,5.11
2012-08-01,5.11,5.11,5.11,5.11
2012-08-02,5.11,5.11,5.11,5.11
2012-08-03,5.12,5.12,5.12,5.12
2012-08-06,5.11,5.11,5.11,5.11
2012-08-07,5.11,5.11,5.11,5.11
2012-08-08,5.11,5.11,5.11,5.11
2012-08-09,5.11,5.11,5.11,5.11
2012-08-10,5.11,5.11,5.11,5.11
2012-08-13,5.11,5.11,5.11,5.11
2012-08-14,5.11,5.11,5.11,5.11
2012-08-16,5.11,5.11,5.11,5.11
2012-08-17,5.11,5.11,5.11,5.11
2012-08-20,5.11,5.11,5.11,5.11
2012-08-21,5.1,5.1,5.1,5.1
2012-08-22,5.11,5.11,5.11,5.11
2012-08-23,5.11,5.11,5.11,5.11
2012-08-24,5.11,5.11,5.11,5.11
2012-08-27,5.12,5.12,5.12,5.12
2012-08-28,5.11,5.11,5.11,5.11
2012-08-29,5.11,5.11,5.11,5.11
2012-08-30,5.04,5.04,5.04,5.04
2012-08-31,4.99,4.99,4.99,4.99
2012-09-03,4.98,4.98,4.98,4.98
2012-09-04,4.97,4.97,4.97,4.97
2012-09-05,4.96,4.96,4.96,4.96
2012-09-06,4.96,4.96,4.96,4.96
2012-09-07,4.96,4.96,4.96,4.96
2012-09-10,4.96,4.96,4.96,4.96
2012-09-11,4.96,4.96,4.96,4.96
2012-09-12,4.95,4.95,4.95,4.95
2012-09-13,4.95,4.95,4.95,4.95
2012-09-14,4.95,4.95,4.95,4.95
2012-09-17,4.95,4.95,4.95,4.95
2012-09-18,4.95,4.95,4.95,4.95
2012-09-19,4.95,4.95,4.95,4.95
2012-09-20,4.95,4.95,4.95,4.95
2012-09-21,4.95,4.95,4.95,4.95
2012-09-24,4.94,4.94,4.94,4.94
2012-09-25,4.94,4.94,4.94,4.94
2012-09-26,4.94,4.94,4.94,4.94
2012-09-27,4.93,4.93,4.93,4.93
2012-09-28,4.92,4.92,4.92,4.92
2012-10-01,4.92,4.92,4.92,4.92
2012-10-02,4.92,4.92,4.92,4.92
2012-10-03,4.9,4.9,4.9,4.9
2012-10-04,4.9,4.9,4.9,4.9
2012-10-05,4.9,4.9,4.9,4.9
2012-10-08,4.91,4.91,4.91,4.91
2012-10-09,4.91,4.91,4.91,4.91
2012-10-10,4.9,4.9,4.9,4.9
2012-10-11,4.88,4.88,4.88,4.88
2012-10-12,4.83,4.83,4.83,4.83
2012-10-15,4.8,4.8,4.8,4.8
2012-10-16,4.8,4.8,4.8,4.8
2012-10-17,4.79,4.79,4.79,4.79
2012-10-18,4.78,4.78,4.78,4.78
2012-10-19,4.78,4.78,4.78,4.78
2012-10-22,4.77,4.77,4.77,4.77
2012-10-23,4.76,4.76,4.76,4.76
2012-10-24,4.75,4.75,4.75,4.75
2012-10-25,4.75,4.75,4.75,4.75
2012-10-26,4.75,4.75,4.75,4.75
2012-10-29,4.75,4.75,4.75,4.75
2012-10-30,4.75,4.75,4.75,4.75
2012-10-31,4.73,4.73,4.73,4.73
2012-11-02,4.72,4.72,4.72,4.72
2012-11-05,4.71,4.71,4.71,4.71
2012-11-06,4.7,4.7,4.7,4.7
2012-11-07,4.7,4.7,4.7,4.7
2012-11-08,4.65,4.65,4.65,4.65
2012-11-09,4.65,4.65,4.65,4.65
2012-11-12,4.65,4.65,4.65,4.65
2012-11-13,4.64,4.64,4.64,4.64
2012-11-14,4.64,4.64,4.64,4.64
2012-11-15,4.64,4.64,4.64,4.64
2012-11-16,4.64,4.64,4.64,4.64
2012-11-19,4.63,4.63,4.63,4.63
2012-11-20,4.61,4.61,4.61,4.61
2012-11-21,4.61,4.61,4.61,4.61
2012-11-22,4.6,4.6,4.6,4.6
2012-11-23,4.6,4.6,4.6,4.6
2012-11-26,4.57,4.57,4.57,4.57
2012-11-27,4.54,4.54,4.54,4.54
2012-11-28,4.52,4.52,4.52,4.52
2012-11-29,4.5,4.5,4.5,4.5
2012-11-30,4.49,4.49,4.49,4.49
2012-12-03,4.46,4.46,4.46,4.46
2012-12-04,4.43,4.43,4.43,4.43
2012-12-05,4.4,4.4,4.4,4.4
2012-12-06,4.37,4.37,4.37,4.37
2012-12-07,4.35,4.35,4.35,4.35
2012-12-10,4.33,4.33,4.33,4.33
2012-12-11,4.32,4.32,4.32,4.32
2012-12-12,4.29,4.29,4.29,4.29
2012-12-13,4.26,4.26,4.26,4.26
2012-12-14,4.23,4.23,4.23,4.23
2012-12-17,4.21,4.21,4.21,4.21
2012-12-18,4.2,4.2,4.2,4.2
2012-12-19,4.19,4.19,4.19,4.19
2012-12-20,4.17,4.17,4.17,4.17
2012-12-21,4.16,4.16,4.16,4.16
2012-12-24,4.15,4.15,4.15,4.15
2012-12-27,4.14,4.14,4.14,4.14
2012-12-28,4.13,4.13,4.13,4.13
2012-12-31,4.11,4.11,4.11,4.11
2013-01-02,4.1,4.1,4.1,4.1
2013-01-03,4.09,4.09,4.09,4.09
2013-01-04,4.08,4.08,4.08,4.08
2013-01-07,4.07,4.07,4.07,4.07
2013-01-08,4.06,4.06,4.06,4.06
2013-01-09,4.05,4.05,4.05,4.05
2013-01-10,4.04,4.04,4.04,4.04
2013-01-11,4.03,4.03,4.03,4.03
2013-01-14,4.03,4.03,4.03,4.03
2013-01-15,4.03,4.03,4.03,4.03
2013-01-16,4.03,4.03,4.03,4.03
2013-01-17,4.03,4.03,4.03,4.03
2013-01-18,4.03,4.03,4.03,4.03
2013-01-21,4.03,4.03,4.03,4.03
2013-01-22,4.03,4.03,4.03,4.03
2013-01-23,4.03,4.03,4.03,4.03
2013-01-24,4.01,4.01,4.01,4.01
2013-01-25,4,4,4,4
2013-01-28,3.99,3.99,3.99,3.99
2013-01-29,3.98,3.98,3.98,3.98
2013-01-30,3.96,3.96,3.96,3.96
2013-01-31,3.95,3.95,3.95,3.95
2013-02-01,3.94,3.94,3.94,3.94
2013-02-04,3.93,3.93,3.93,3.93
2013-02-05,3.92,3.92,3.92,3.92
2013-02-06,3.88,3.88,3.88,3.88
2013-02-07,3.84,3.84,3.84,3.84
2013-02-08,3.82,3.82,3.82,3.82
2013-02-11,3.81,3.81,3.81,3.81
2013-02-12,3.8,3.8,3.8,3.8
2013-02-13,3.8,3.8,3.8,3.8
2013-02-14,3.8,3.8,3.8,3.8
2013-02-15,3.79,3.79,3.79,3.79
2013-02-18,3.79,3.79,3.79,3.79
2013-02-19,3.76,3.76,3.76,3.76
2013-02-20,3.75,3.75,3.75,3.75
2013-02-21,3.75,3.75,3.75,3.75
2013-02-22,3.75,3.75,3.75,3.75
2013-02-25,3.75,3.75,3.75,3.75
2013-02-26,3.74,3.74,3.74,3.74
2013-02-27,3.74,3.74,3.74,3.74
2013-02-28,3.73,3.73,3.73,3.73
2013-03-01,3.73,3.73,3.73,3.73
2013-03-04,3.73,3.73,3.73,3.73
2013-03-05,3.72,3.72,3.72,3.72
2013-03-06,3.71,3.71,3.71,3.71
2013-03-07,3.47,3.47,3.47,3.47
2013-03-08,3.46,3.46,3.46,3.46
2013-03-11,3.46,3.46,3.46,3.46
2013-03-12,3.46,3.46,3.46,3.46
2013-03-13,3.46,3.46,3.46,3.46
2013-03-14,3.45,3.45,3.45,3.45
2013-03-15,3.42,3.42,3.42,3.42
2013-03-18,3.4,3.4,3.4,3.4
2013-03-19,3.39,3.39,3.39,3.39
2013-03-20,3.39,3.39,3.39,3.39
2013-03-21,3.39,3.39,3.39,3.39
2013-03-22,3.39,3.39,3.39,3.39
2013-03-25,3.39,3.39,3.39,3.39
2013-03-26,3.39,3.39,3.39,3.39
2013-03-27,3.39,3.39,3.39,3.39
2013-03-28,3.39,3.39,3.39,3.39
2013-03-29,3.39,3.39,3.39,3.39
2013-04-02,3.38,3.38,3.38,3.38
2013-04-03,3.38,3.38,3.38,3.38
2013-04-04,3.37,3.37,3.37,3.37
2013-04-05,3.37,3.37,3.37,3.37
2013-04-08,3.37,3.37,3.37,3.37
2013-04-09,3.36,3.36,3.36,3.36
2013-04-10,3.36,3.36,3.36,3.36
2013-04-11,3.35,3.35,3.35,3.35
2013-04-12,3.35,3.35,3.35,3.35
2013-04-15,3.35,3.35,3.35,3.35
2013-04-16,3.35,3.35,3.35,3.35
2013-04-17,3.35,3.35,3.35,3.35
2013-04-18,3.31,3.31,3.31,3.31
2013-04-19,3.27,3.27,3.27,3.27
2013-04-22,3.24,3.24,3.24,3.24
2013-04-23,3.22,3.22,3.22,3.22
2013-04-24,3.2,3.2,3.2,3.2
2013-04-25,3.14,3.14,3.14,3.14
2013-04-26,3.1,3.1,3.1,3.1
2013-04-29,3.09,3.09,3.09,3.09
2013-04-30,3.08,3.08,3.08,3.08
2013-05-02,3.07,3.07,3.07,3.07
2013-05-06,3.05,3.05,3.05,3.05
2013-05-07,3.03,3.03,3.03,3.03
2013-05-08,3.02,3.02,3.02,3.02
2013-05-09,2.95,2.95,2.95,2.95
2013-05-10,2.93,2.93,2.93,2.93
2013-05-13,2.9,2.9,2.9,2.9
2013-05-14,2.89,2.89,2.89,2.89
2013-05-15,2.87,2.87,2.87,2.87
2013-05-16,2.84,2.84,2.84,2.84
2013-05-17,2.82,2.82,2.82,2.82
2013-05-20,2.81,2.81,2.81,2.81
2013-05-21,2.8,2.8,2.8,2.8
2013-05-22,2.79,2.79,2.79,2.79
2013-05-23,2.77,2.77,2.77,2.77
2013-05-24,2.76,2.76,2.76,2.76
2013-05-27,2.74,2.74,2.74,2.74
2013-05-28,2.74,2.74,2.74,2.74
2013-05-29,2.74,2.74,2.74,2.74
2013-05-31,2.74,2.74,2.74,2.74
2013-06-03,2.74,2.74,2.74,2.74
2013-06-04,2.74,2.74,2.74,2.74
2013-06-05,2.74,2.74,2.74,2.74
2013-06-06,2.74,2.74,2.74,2.74
2013-06-07,2.75,2.75,2.75,2.75
2013-06-10,2.76,2.76,2.76,2.76
2013-06-11,2.76,2.76,2.76,2.76
2013-06-12,2.76,2.76,2.76,2.76
2013-06-13,2.76,2.76,2.76,2.76
2013-06-14,2.75,2.75,2.75,2.75
2013-06-17,2.75,2.75,2.75,2.75
2013-06-18,2.75,2.75,2.75,2.75
2013-06-19,2.74,2.74,2.74,2.74
2013-06-20,2.74,2.74,2.74,2.74
2013-06-21,2.74,2.74,2.74,2.74
2013-06-24,2.74,2.74,2.74,2.74
2013-06-25,2.73,2.73,2.73,2.73
2013-06-26,2.74,2.74,2.74,2.74
2013-06-27,2.73,2.73,2.73,2.73
2013-06-28,2.73,2.73,2.73,2.73
2013-07-01,2.72,2.72,2.72,2.72
2013-07-02,2.72,2.72,2.72,2.72
2013-07-03,2.71,2.71,2.71,2.71
2013-07-04,2.69,2.69,2.69,2.69
2013-07-05,2.69,2.69,2.69,2.69
2013-07-08,2.69,2.69,2.69,2.69
2013-07-09,2.69,2.69,2.69,2.69
2013-07-10,2.69,2.69,2.69,2.69
2013-07-11,2.69,2.69,2.69,2.69
2013-07-12,2.69,2.69,2.69,2.69
2013-07-15,2.69,2.69,2.69,2.69
2013-07-16,2.69,2.69,2.69,2.69
2013-07-17,2.69,2.69,2.69,2.69
2013-07-18,2.7,2.7,2.7,2.7
2013-07-19,2.7,2.7,2.7,2.7
2013-07-22,2.69,2.69,2.69,2.69
2013-07-23,2.7,2.7,2.7,2.7
2013-07-24,2.7,2.7,2.7,2.7
2013-07-25,2.7,2.7,2.7,2.7
2013-07-26,2.7,2.7,2.7,2.7
2013-07-29,2.7,2.7,2.7,2.7
2013-07-30,2.7,2.7,2.7,2.7
2013-07-31,2.7,2.7,2.7,2.7
2013-08-01,2.7,2.7,2.7,2.7
2013-08-02,2.7,2.7,2.7,2.7
2013-08-05,2.7,2.7,2.7,2.7
2013-08-06,2.7,2.7,2.7,2.7
2013-08-07,2.7,2.7,2.7,2.7
2013-08-08,2.7,2.7,2.7,2.7
2013-08-09,2.7,2.7,2.7,2.7
2013-08-12,2.69,2.69,2.69,2.69
2013-08-13,2.69,2.69,2.69,2.69
2013-08-14,2.7,2.7,2.7,2.7
2013-08-16,2.7,2.7,2.7,2.7
2013-08-19,2.7,2.7,2.7,2.7
2013-08-20,2.7,2.7,2.7,2.7
2013-08-21,2.7,2.7,2.7,2.7
2013-08-22,2.7,2.7,2.7,2.7
2013-08-23,2.71,2.71,2.71,2.71
2013-08-26,2.71,2.71,2.71,2.71
2013-08-27,2.71,2.71,2.71,2.71
2013-08-28,2.71,2.71,2.71,2.71
2013-08-29,2.71,2.71,2.71,2.71
2013-08-30,2.7,2.7,2.7,2.7
2013-09-02,2.71,2.71,2.71,2.71
2013-09-03,2.7,2.7,2.7,2.7
2013-09-04,2.7,2.7,2.7,2.7
2013-09-05,2.7,2.7,2.7,2.7
2013-09-06,2.7,2.7,2.7,2.7
2013-09-09,2.7,2.7,2.7,2.7
2013-09-10,2.7,2.7,2.7,2.7
2013-09-11,2.7,2.7,2.7,2.7
2013-09-12,2.7,2.7,2.7,2.7
2013-09-13,2.7,2.7,2.7,2.7
2013-09-16,2.7,2.7,2.7,2.7
2013-09-17,2.7,2.7,2.7,2.7
2013-09-18,2.7,2.7,2.7,2.7
2013-09-19,2.7,2.7,2.7,2.7
2013-09-20,2.68,2.68,2.68,2.68
2013-09-23,2.67,2.67,2.67,2.67
2013-09-24,2.67,2.67,2.67,2.67
2013-09-25,2.67,2.67,2.67,2.67
2013-09-26,2.67,2.67,2.67,2.67
2013-09-27,2.67,2.67,2.67,2.67
2013-09-30,2.67,2.67,2.67,2.67
2013-10-01,2.67,2.67,2.67,2.67
2013-10-02,2.68,2.68,2.68,2.68
2013-10-03,2.68,2.68,2.68,2.68
2013-10-04,2.68,2.68,2.68,2.68
2013-10-07,2.68,2.68,2.68,2.68
2013-10-08,2.68,2.68,2.68,2.68
2013-10-09,2.68,2.68,2.68,2.68
2013-10-10,2.68,2.68,2.68,2.68
2013-10-11,2.68,2.68,2.68,2.68
2013-10-14,2.68,2.68,2.68,2.68
2013-10-15,2.67,2.67,2.67,2.67
2013-10-16,2.67,2.67,2.67,2.67
2013-10-17,2.67,2.67,2.67,2.67
2013-10-18,2.67,2.67,2.67,2.67
2013-10-21,2.67,2.67,2.67,2.67
2013-10-22,2.67,2.67,2.67,2.67
2013-10-23,2.66,2.66,2.66,2.66
2013-10-24,2.66,2.66,2.66,2.66
2013-10-25,2.66,2.66,2.66,2.66
2013-10-28,2.66,2.66,2.66,2.66
2013-10-29,2.66,2.66,2.66,2.66
2013-10-30,2.66,2.66,2.66,2.66
2013-10-31,2.66,2.66,2.66,2.66
2013-11-04,2.66,2.66,2.66,2.66
2013-11-05,2.66,2.66,2.66,2.66
2013-11-06,2.66,2.66,2.66,2.66
2013-11-07,2.66,2.66,2.66,2.66
2013-11-08,2.66,2.66,2.66,2.66
2013-11-12,2.66,2.66,2.66,2.66
2013-11-13,2.66,2.66,2.66,2.66
2013-11-14,2.65,2.65,2.65,2.65
2013-11-15,2.65,2.65,2.65,2.65
2013-11-18,2.65,2.65,2.65,2.65
2013-11-19,2.65,2.65,2.65,2.65
2013-11-20,2.65,2.65,2.65,2.65
2013-11-21,2.65,2.65,2.65,2.65
2013-11-22,2.65,2.65,2.65,2.65
2013-11-25,2.65,2.65,2.65,2.65
2013-11-26,2.65,2.65,2.65,2.65
2013-11-27,2.65,2.65,2.65,2.65
2013-11-28,2.65,2.65,2.65,2.65
2013-11-29,2.65,2.65,2.65,2.65
2013-12-02,2.65,2.65,2.65,2.65
2013-12-03,2.65,2.65,2.65,2.65
2013-12-04,2.65,2.65,2.65,2.65
2013-12-05,2.65,2.65,2.65,2.65
2013-12-06,2.65,2.65,2.65,2.65
2013-12-09,2.65,2.65,2.65,2.65
2013-12-10,2.65,2.65,2.65,2.65
2013-12-11,2.65,2.65,2.65,2.65
2013-12-12,2.65,2.65,2.65,2.65
2013-12-13,2.65,2.65,2.65,2.65
2013-12-16,2.65,2.65,2.65,2.65
2013-12-17,2.65,2.65,2.65,2.65
2013-12-18,2.68,2.68,2.68,2.68
2013-12-19,2.69,2.69,2.69,2.69
2013-12-20,2.7,2.7,2.7,2.7
2013-12-23,2.71,2.71,2.71,2.71
2013-12-24,2.71,2.71,2.71,2.71
2013-12-27,2.71,2.71,2.71,2.71
2013-12-30,2.71,2.71,2.71,2.71
2013-12-31,2.71,2.71,2.71,2.71
2014-01-02,2.7,2.7,2.7,2.7
2014-01-03,2.7,2.7,2.7,2.7
2014-01-07,2.7,2.7,2.7,2.7
2014-01-08,2.7,2.7,2.7,2.7
2014-01-09,2.7,2.7,2.7,2.7
2014-01-10,2.7,2.7,2.7,2.7
2014-01-13,2.7,2.7,2.7,2.7
2014-01-14,2.7,2.7,2.7,2.7
2014-01-15,2.7,2.7,2.7,2.7
2014-01-16,2.7,2.7,2.7,2.7
2014-01-17,2.7,2.7,2.7,2.7
2014-01-20,2.7,2.7,2.7,2.7
2014-01-21,2.7,2.7,2.7,2.7
2014-01-22,2.7,2.7,2.7,2.7
2014-01-23,2.7,2.7,2.7,2.7
2014-01-24,2.7,2.7,2.7,2.7
2014-01-27,2.7,2.7,2.7,2.7
2014-01-28,2.7,2.7,2.7,2.7
2014-01-29,2.7,2.7,2.7,2.7
2014-01-30,2.7,2.7,2.7,2.7
2014-01-31,2.71,2.71,2.71,2.71
2014-02-03,2.71,2.71,2.71,2.71
2014-02-04,2.71,2.71,2.71,2.71
2014-02-05,2.71,2.71,2.71,2.71
2014-02-06,2.71,2.71,2.71,2.71
2014-02-07,2.71,2.71,2.71,2.71
2014-02-10,2.71,2.71,2.71,2.71
2014-02-11,2.71,2.71,2.71,2.71
2014-02-12,2.71,2.71,2.71,2.71
2014-02-13,2.71,2.71,2.71,2.71
2014-02-14,2.71,2.71,2.71,2.71
2014-02-17,2.71,2.71,2.71,2.71
2014-02-18,2.71,2.71,2.71,2.71
2014-02-19,2.71,2.71,2.71,2.71
2014-02-20,2.71,2.71,2.71,2.71
2014-02-21,2.71,2.71,2.71,2.71
2014-02-24,2.71,2.71,2.71,2.71
2014-02-25,2.71,2.71,2.71,2.71
2014-02-26,2.71,2.71,2.71,2.71
2014-02-27,2.71,2.71,2.71,2.71
2014-02-28,2.71,2.71,2.71,2.71
2014-03-03,2.71,2.71,2.71,2.71
2014-03-04,2.71,2.71,2.71,2.71
2014-03-05,2.71,2.71,2.71,2.71
2014-03-06,2.71,2.71,2.71,2.71
2014-03-07,2.71,2.71,2.71,2.71
2014-03-10,2.71,2.71,2.71,2.71
2014-03-11,2.71,2.71,2.71,2.71
2014-03-12,2.71,2.71,2.71,2.71
2014-03-13,2.71,2.71,2.71,2.71
2014-03-14,2.71,2.71,2.71,2.71
2014-03-17,2.71,2.71,2.71,2.71
2014-03-18,2.71,2.71,2.71,2.71
2014-03-19,2.71,2.71,2.71,2.71
2014-03-20,2.71,2.71,2.71,2.71
2014-03-21,2.71,2.71,2.71,2.71
2014-03-24,2.71,2.71,2.71,2.71
2014-03-25,2.71,2.71,2.71,2.71
2014-03-26,2.71,2.71,2.71,2.71
2014-03-27,2.71,2.71,2.71,2.71
2014-03-28,2.71,2.71,2.71,2.71
2014-03-31,2.71,2.71,2.71,2.71
2014-04-01,2.71,2.71,2.71,2.71
2014-04-02,2.71,2.71,2.71,2.71
2014-04-03,2.72,2.72,2.72,2.72
2014-04-04,2.72,2.72,2.72,2.72
2014-04-07,2.72,2.72,2.72,2.72
2014-04-08,2.72,2.72,2.72,2.72
2014-04-09,2.72,2.72,2.72,2.72
2014-04-10,2.72,2.72,2.72,2.72
2014-04-11,2.72,2.72,2.72,2.72
2014-04-14,2.72,2.72,2.72,2.72
2014-04-15,2.72,2.72,2.72,2.72
2014-04-16,2.72,2.72,2.72,2.72
2014-04-17,2.72,2.72,2.72,2.72
2014-04-18,2.72,2.72,2.72,2.72
2014-04-22,2.72,2.72,2.72,2.72
2014-04-23,2.72,2.72,2.72,2.72
2014-04-24,2.72,2.72,2.72,2.72
2014-04-25,2.72,2.72,2.72,2.72
2014-04-28,2.72,2.72,2.72,2.72
2014-04-29,2.72,2.72,2.72,2.72
2014-04-30,2.72,2.72,2.72,2.72
2014-05-02,2.72,2.72,2.72,2.72
2014-05-05,2.72,2.72,2.72,2.72
2014-05-06,2.72,2.72,2.72,2.72
2014-05-07,2.72,2.72,2.72,2.72
2014-05-08,2.72,2.72,2.72,2.72
2014-05-09,2.72,2.72,2.72,2.72
2014-05-12,2.72,2.72,2.72,2.72
2014-05-13,2.72,2.72,2.72,2.72
2014-05-14,2.72,2.72,2.72,2.72
2014-05-15,2.72,2.72,2.72,2.72
2014-05-16,2.72,2.72,2.72,2.72
2014-05-19,2.72,2.72,2.72,2.72
2014-05-20,2.72,2.72,2.72,2.72
2014-05-21,2.72,2.72,2.72,2.72
2014-05-22,2.72,2.72,2.72,2.72
2014-05-23,2.72,2.72,2.72,2.72
2014-05-26,2.72,2.72,2.72,2.72
2014-05-27,2.72,2.72,2.72,2.72
2014-05-28,2.72,2.72,2.72,2.72
2014-05-29,2.72,2.72,2.72,2.72
2014-05-30,2.72,2.72,2.72,2.72
2014-06-02,2.72,2.72,2.72,2.72
2014-06-03,2.72,2.72,2.72,2.72
2014-06-04,2.71,2.71,2.71,2.71
2014-06-05,2.7,2.7,2.7,2.7
2014-06-06,2.69,2.69,2.69,2.69
2014-06-09,2.69,2.69,2.69,2.69
2014-06-10,2.69,2.69,2.69,2.69
2014-06-11,2.68,2.68,2.68,2.68
2014-06-12,2.68,2.68,2.68,2.68
2014-06-13,2.68,2.68,2.68,2.68
2014-06-16,2.68,2.68,2.68,2.68
2014-06-17,2.68,2.68,2.68,2.68
2014-06-18,2.68,2.68,2.68,2.68
2014-06-20,2.68,2.68,2.68,2.68
2014-06-23,2.68,2.68,2.68,2.68
2014-06-24,2.68,2.68,2.68,2.68
2014-06-25,2.68,2.68,2.68,2.68
2014-06-26,2.68,2.68,2.68,2.68
2014-06-27,2.68,2.68,2.68,2.68
2014-06-30,2.68,2.68,2.68,2.68
2014-07-01,2.68,2.68,2.68,2.68
2014-07-02,2.68,2.68,2.68,2.68
2014-07-03,2.68,2.68,2.68,2.68
2014-07-04,2.68,2.68,2.68,2.68
2014-07-07,2.68,2.68,2.68,2.68
2014-07-08,2.68,2.68,2.68,2.68
2014-07-09,2.68,2.68,2.68,2.68
2014-07-10,2.68,2.68,2.68,2.68
2014-07-11,2.68,2.68,2.68,2.68
2014-07-14,2.68,2.68,2.68,2.68
2014-07-15,2.68,2.68,2.68,2.68
2014-07-16,2.68,2.68,2.68,2.68
2014-07-17,2.68,2.68,2.68,2.68
2014-07-18,2.68,2.68,2.68,2.68
2014-07-21,2.68,2.68,2.68,2.68
2014-07-22,2.68,2.68,2.68,2.68
2014-07-23,2.67,2.67,2.67,2.67
2014-07-24,2.67,2.67,2.67,2.67
2014-07-25,2.67,2.67,2.67,2.67
2014-07-28,2.67,2.67,2.67,2.67
2014-07-29,2.67,2.67,2.67,2.67
2014-07-30,2.67,2.67,2.67,2.67
2014-07-31,2.67,2.67,2.67,2.67
2014-08-01,2.67,2.67,2.67,2.67
2014-08-04,2.67,2.67,2.67,2.67
2014-08-05,2.67,2.67,2.67,2.67
2014-08-06,2.67,2.67,2.67,2.67
2014-08-07,2.67,2.67,2.67,2.67
2014-08-08,2.67,2.67,2.67,2.67
2014-08-11,2.67,2.67,2.67,2.67
2014-08-12,2.67,2.67,2.67,2.67
2014-08-13,2.67,2.67,2.67,2.67
2014-08-14,2.66,2.66,2.66,2.66
2014-08-18,2.66,2.66,2.66,2.66
2014-08-19,2.65,2.65,2.65,2.65
2014-08-20,2.65,2.65,2.65,2.65
2014-08-21,2.64,2.64,2.64,2.64
2014-08-22,2.64,2.64,2.64,2.64
2014-08-25,2.63,2.63,2.63,2.63
2014-08-26,2.62,2.62,2.62,2.62
2014-08-27,2.61,2.61,2.61,2.61
2014-08-28,2.6,2.6,2.6,2.6
2014-08-29,2.59,2.59,2.59,2.59
2014-09-01,2.58,2.58,2.58,2.58
2014-09-02,2.57,2.57,2.57,2.57
2014-09-03,2.56,2.56,2.56,2.56
2014-09-04,2.55,2.55,2.55,2.55
2014-09-05,2.53,2.53,2.53,2.53
2014-09-08,2.52,2.52,2.52,2.52
2014-09-09,2.51,2.51,2.51,2.51
2014-09-10,2.5,2.5,2.5,2.5
2014-09-11,2.49,2.49,2.49,2.49
2014-09-12,2.48,2.48,2.48,2.48
2014-09-15,2.47,2.47,2.47,2.47
2014-09-16,2.46,2.46,2.46,2.46
2014-09-17,2.45,2.45,2.45,2.45
2014-09-18,2.44,2.44,2.44,2.44
2014-09-19,2.42,2.42,2.42,2.42
2014-09-22,2.4,2.4,2.4,2.4
2014-09-23,2.38,2.38,2.38,2.38
2014-09-24,2.36,2.36,2.36,2.36
2014-09-25,2.32,2.32,2.32,2.32
2014-09-26,2.3,2.3,2.3,2.3
2014-09-29,2.29,2.29,2.29,2.29
2014-09-30,2.28,2.28,2.28,2.28
2014-10-01,2.27,2.27,2.27,2.27
2014-10-02,2.26,2.26,2.26,2.26
2014-10-03,2.25,2.25,2.25,2.25
2014-10-06,2.24,2.24,2.24,2.24
2014-10-07,2.23,2.23,2.23,2.23
2014-10-08,2.23,2.23,2.23,2.23
2014-10-09,2.09,2.09,2.09,2.09
2014-10-10,2.06,2.06,2.06,2.06
2014-10-13,2.05,2.05,2.05,2.05
2014-10-14,2.04,2.04,2.04,2.04
2014-10-15,2.03,2.03,2.03,2.03
2014-10-16,2.03,2.03,2.03,2.03
2014-10-17,2.02,2.02,2.02,2.02
2014-10-20,2.02,2.02,2.02,2.02
2014-10-21,2.01,2.01,2.01,2.01
2014-10-22,2,2,2,2
2014-10-23,1.99,1.99,1.99,1.99
2014-10-24,1.98,1.98,1.98,1.98
2014-10-27,1.98,1.98,1.98,1.98
2014-10-28,1.98,1.98,1.98,1.98
2014-10-29,1.98,1.98,1.98,1.98
2014-10-30,1.97,1.97,1.97,1.97
2014-10-31,1.96,1.96,1.96,1.96
2014-11-03,1.95,1.95,1.95,1.95
2014-11-04,1.95,1.95,1.95,1.95
2014-11-05,1.94,1.94,1.94,1.94
2014-11-06,2.02,2.02,2.02,2.02
2014-11-07,2.03,2.03,2.03,2.03
2014-11-10,2.04,2.04,2.04,2.04
2014-11-12,2.04,2.04,2.04,2.04
2014-11-13,2.04,2.04,2.04,2.04
2014-11-14,2.04,2.04,2.04,2.04
2014-11-17,2.05,2.05,2.05,2.05
2014-11-18,2.06,2.06,2.06,2.06
2014-11-19,2.06,2.06,2.06,2.06
2014-11-20,2.06,2.06,2.06,2.06
2014-11-21,2.06,2.06,2.06,2.06
2014-11-24,2.06,2.06,2.06,2.06
2014-11-25,2.06,2.06,2.06,2.06
2014-11-26,2.06,2.06,2.06,2.06
2014-11-27,2.06,2.06,2.06,2.06
2014-11-28,2.06,2.06,2.06,2.06
2014-12-01,2.06,2.06,2.06,2.06
2014-12-02,2.06,2.06,2.06,2.06
2014-12-03,2.06,2.06,2.06,2.06
2014-12-04,2.06,2.06,2.06,2.06
2014-12-05,2.06,2.06,2.06,2.06
2014-12-08,2.06,2.06,2.06,2.06
2014-12-09,2.06,2.06,2.06,2.06
2014-12-10,2.06,2.06,2.06,2.06
2014-12-11,2.06,2.06,2.06,2.06
2014-12-12,2.06,2.06,2.06,2.06
2014-12-15,2.06,2.06,2.06,2.06
2014-12-16,2.06,2.06,2.06,2.06
2014-12-17,2.06,2.06,2.06,2.06
2014-12-18,2.06,2.06,2.06,2.06
2014-12-19,2.06,2.06,2.06,2.06
2014-12-22,2.06,2.06,2.06,2.06
2014-12-23,2.06,2.06,2.06,2.06
2014-12-24,2.06,2.06,2.06,2.06
2014-12-29,2.06,2.06,2.06,2.06
2014-12-30,2.06,2.06,2.06,2.06
2014-12-31,2.06,2.06,2.06,2.06
2015-01-02,2.06,2.06,2.06,2.06
2015-01-05,2.06,2.06,2.06,2.06
2015-01-07,2.06,2.06,2.06,2.06
2015-01-08,2.06,2.06,2.06,2.06
2015-01-09,2.05,2.05,2.05,2.05
2015-01-12,2.05,2.05,2.05,2.05
2015-01-13,2.04,2.04,2.04,2.04
2015-01-14,2.04,2.04,2.04,2.04
2015-01-15,2.04,2.04,2.04,2.04
2015-01-16,2.03,2.03,2.03,2.03
2015-01-19,2.02,2.02,2.02,2.02
2015-01-20,2.02,2.02,2.02,2.02
2015-01-21,2.02,2.02,2.02,2.02
2015-01-22,2.02,2.02,2.02,2.02
2015-01-23,2.02,2.02,2.02,2.02
2015-01-26,2.01,2.01,2.01,2.01
2015-01-27,2.01,2.01,2.01,2.01
2015-01-28,2,2,2,2
2015-01-29,2,2,2,2
2015-01-30,2,2,2,2
2015-02-02,1.99,1.99,1.99,1.99
2015-02-03,1.99,1.99,1.99,1.99
2015-02-04,1.98,1.98,1.98,1.98
2015-02-05,1.98,1.98,1.98,1.98
2015-02-06,1.97,1.97,1.97,1.97
2015-02-09,1.97,1.97,1.97,1.97
2015-02-10,1.96,1.96,1.96,1.96
2015-02-11,1.96,1.96,1.96,1.96
2015-02-12,1.95,1.95,1.95,1.95
2015-02-13,1.94,1.94,1.94,1.94
2015-02-16,1.93,1.93,1.93,1.93
2015-02-17,1.92,1.92,1.92,1.92
2015-02-18,1.92,1.92,1.92,1.92
2015-02-19,1.89,1.89,1.89,1.89
2015-02-20,1.86,1.86,1.86,1.86
2015-02-23,1.84,1.84,1.84,1.84
2015-02-24,1.83,1.83,1.83,1.83
2015-02-25,1.83,1.83,1.83,1.83
2015-02-26,1.82,1.82,1.82,1.82
2015-02-27,1.81,1.81,1.81,1.81
2015-03-02,1.81,1.81,1.81,1.81
2015-03-03,1.81,1.81,1.81,1.81
2015-03-04,1.81,1.81,1.81,1.81
2015-03-05,1.65,1.65,1.65,1.65
2015-03-06,1.65,1.65,1.65,1.65
2015-03-09,1.65,1.65,1.65,1.65
2015-03-10,1.65,1.65,1.65,1.65
2015-03-11,1.65,1.65,1.65,1.65
2015-03-12,1.65,1.65,1.65,1.65
2015-03-13,1.65,1.65,1.65,1.65
2015-03-16,1.65,1.65,1.65,1.65
2015-03-17,1.65,1.65,1.65,1.65
2015-03-18,1.65,1.65,1.65,1.65
2015-03-19,1.65,1.65,1.65,1.65
2015-03-20,1.65,1.65,1.65,1.65
2015-03-23,1.65,1.65,1.65,1.65
2015-03-24,1.65,1.65,1.65,1.65
2015-03-25,1.65,1.65,1.65,1.65
2015-03-26,1.65,1.65,1.65,1.65
2015-03-27,1.65,1.65,1.65,1.65
2015-03-30,1.65,1.65,1.65,1.65
2015-03-31,1.65,1.65,1.65,1.65
2015-04-01,1.65,1.65,1.65,1.65
2015-04-02,1.65,1.65,1.65,1.65
2015-04-03,1.65,1.65,1.65,1.65
2015-04-07,1.65,1.65,1.65,1.65
2015-04-08,1.65,1.65,1.65,1.65
2015-04-09,1.65,1.65,1.65,1.65
2015-04-10,1.65,1.65,1.65,1.65
2015-04-13,1.65,1.65,1.65,1.65
2015-04-14,1.65,1.65,1.65,1.65
2015-04-15,1.65,1.65,1.65,1.65
2015-04-16,1.65,1.65,1.65,1.65
2015-04-17,1.65,1.65,1.65,1.65
2015-04-20,1.65,1.65,1.65,1.65
2015-04-21,1.65,1.65,1.65,1.65
2015-04-22,1.65,1.65,1.65,1.65
2015-04-23,1.65,1.65,1.65,1.65
2015-04-24,1.65,1.65,1.65,1.65
2015-04-27,1.65,1.65,1.65,1.65
2015-04-28,1.65,1.65,1.65,1.65
2015-04-29,1.65,1.65,1.65,1.65
2015-04-30,1.65,1.65,1.65,1.65
2015-05-04,1.65,1.65,1.65,1.65
2015-05-05,1.65,1.65,1.65,1.65
2015-05-06,1.65,1.65,1.65,1.65
2015-05-07,1.66,1.66,1.66,1.66
2015-05-08,1.66,1.66,1.66,1.66
2015-05-11,1.66,1.66,1.66,1.66
2015-05-12,1.67,1.67,1.67,1.67
2015-05-13,1.67,1.67,1.67,1.67
2015-05-14,1.67,1.67,1.67,1.67
2015-05-15,1.67,1.67,1.67,1.67
2015-05-18,1.67,1.67,1.67,1.67
2015-05-19,1.68,1.68,1.68,1.68
2015-05-20,1.68,1.68,1.68,1.68
2015-05-21,1.68,1.68,1.68,1.68
2015-05-22,1.68,1.68,1.68,1.68
2015-05-25,1.68,1.68,1.68,1.68
2015-05-26,1.68,1.68,1.68,1.68
2015-05-27,1.68,1.68,1.68,1.68
2015-05-28,1.68,1.68,1.68,1.68
2015-05-29,1.68,1.68,1.68,1.68
2015-06-01,1.68,1.68,1.68,1.68
2015-06-02,1.68,1.68,1.68,1.68
2015-06-03,1.68,1.68,1.68,1.68
2015-06-05,1.68,1.68,1.68,1.68
2015-06-08,1.68,1.68,1.68,1.68
2015-06-09,1.69,1.69,1.69,1.69
2015-06-10,1.7,1.7,1.7,1.7
2015-06-11,1.7,1.7,1.7,1.7
2015-06-12,1.71,1.71,1.71,1.71
2015-06-15,1.71,1.71,1.71,1.71
2015-06-16,1.71,1.71,1.71,1.71
2015-06-17,1.71,1.71,1.71,1.71
2015-06-18,1.71,1.71,1.71,1.71
2015-06-19,1.72,1.72,1.72,1.72
2015-06-22,1.72,1.72,1.72,1.72
2015-06-23,1.72,1.72,1.72,1.72
2015-06-24,1.72,1.72,1.72,1.72
2015-06-25,1.72,1.72,1.72,1.72
2015-06-26,1.72,1.72,1.72,1.72
2015-06-29,1.72,1.72,1.72,1.72
2015-06-30,1.72,1.72,1.72,1.72
2015-07-01,1.72,1.72,1.72,1.72
2015-07-02,1.72,1.72,1.72,1.72
2015-07-03,1.72,1.72,1.72,1.72
2015-07-06,1.72,1.72,1.72,1.72
2015-07-07,1.72,1.72,1.72,1.72
2015-07-08,1.72,1.72,1.72,1.72
2015-07-09,1.72,1.72,1.72,1.72
2015-07-10,1.72,1.72,1.72,1.72
2015-07-13,1.72,1.72,1.72,1.72
2015-07-14,1.72,1.72,1.72,1.72
2015-07-15,1.72,1.72,1.72,1.72
2015-07-16,1.72,1.72,1.72,1.72
2015-07-17,1.72,1.72,1.72,1.72
2015-07-20,1.72,1.72,1.72,1.72
2015-07-21,1.72,1.72,1.72,1.72
2015-07-22,1.72,1.72,1.72,1.72
2015-07-23,1.72,1.72,1.72,1.72
2015-07-24,1.72,1.72,1.72,1.72
2015-07-27,1.72,1.72,1.72,1.72
2015-07-28,1.72,1.72,1.72,1.72
2015-07-29,1.72,1.72,1.72,1.72
2015-07-30,1.72,1.72,1.72,1.72
2015-07-31,1.72,1.72,1.72,1.72
2015-08-03,1.72,1.72,1.72,1.72
2015-08-04,1.72,1.72,1.72,1.72
2015-08-05,1.72,1.72,1.72,1.72
2015-08-06,1.72,1.72,1.72,1.72
2015-08-07,1.72,1.72,1.72,1.72
2015-08-10,1.72,1.72,1.72,1.72
2015-08-11,1.72,1.72,1.72,1.72
2015-08-12,1.72,1.72,1.72,1.72
2015-08-13,1.72,1.72,1.72,1.72
2015-08-14,1.72,1.72,1.72,1.72
2015-08-17,1.72,1.72,1.72,1.72
2015-08-18,1.72,1.72,1.72,1.72
2015-08-19,1.72,1.72,1.72,1.72
2015-08-20,1.72,1.72,1.72,1.72
2015-08-21,1.72,1.72,1.72,1.72
2015-08-24,1.72,1.72,1.72,1.72
2015-08-25,1.72,1.72,1.72,1.72
2015-08-26,1.72,1.72,1.72,1.72
2015-08-27,1.72,1.72,1.72,1.72
2015-08-28,1.72,1.72,1.72,1.72
2015-08-31,1.72,1.72,1.72,1.72
2015-09-01,1.72,1.72,1.72,1.72
2015-09-02,1.72,1.72,1.72,1.72
2015-09-03,1.72,1.72,1.72,1.72
2015-09-04,1.72,1.72,1.72,1.72
2015-09-07,1.72,1.72,1.72,1.72
2015-09-08,1.72,1.72,1.72,1.72
2015-09-09,1.72,1.72,1.72,1.72
2015-09-10,1.72,1.72,1.72,1.72
2015-09-11,1.72,1.72,1.72,1.72
2015-09-14,1.72,1.72,1.72,1.72
2015-09-15,1.72,1.72,1.72,1.72
2015-09-16,1.72,1.72,1.72,1.72
2015-09-17,1.72,1.72,1.72,1.72
2015-09-18,1.72,1.72,1.72,1.72
2015-09-21,1.72,1.72,1.72,1.72
2015-09-22,1.72,1.72,1.72,1.72
2015-09-23,1.72,1.72,1.72,1.72
2015-09-24,1.72,1.72,1.72,1.72
2015-09-25,1.72,1.72,1.72,1.72
2015-09-28,1.73,1.73,1.73,1.73
2015-09-29,1.73,1.73,1.73,1.73
2015-09-30,1.73,1.73,1.73,1.73
2015-10-01,1.73,1.73,1.73,1.73
2015-10-02,1.73,1.73,1.73,1.73
2015-10-05,1.73,1.73,1.73,1.73
2015-10-06,1.73,1.73,1.73,1.73
2015-10-07,1.73,1.73,1.73,1.73
2015-10-08,1.73,1.73,1.73,1.73
2015-10-09,1.73,1.73,1.73,1.73
2015-10-12,1.73,1.73,1.73,1.73
2015-10-13,1.73,1.73,1.73,1.73
2015-10-14,1.73,1.73,1.73,1.73
2015-10-15,1.73,1.73,1.73,1.73
2015-10-16,1.73,1.73,1.73,1.73
2015-10-19,1.73,1.73,1.73,1.73
2015-10-20,1.73,1.73,1.73,1.73
2015-10-21,1.73,1.73,1.73,1.73
2015-10-22,1.73,1.73,1.73,1.73
2015-10-23,1.73,1.73,1.73,1.73
2015-10-26,1.73,1.73,1.73,1.73
2015-10-27,1.73,1.73,1.73,1.73
2015-10-28,1.73,1.73,1.73,1.73
2015-10-29,1.73,1.73,1.73,1.73
2015-10-30,1.73,1.73,1.73,1.73
2015-11-02,1.73,1.73,1.73,1.73
2015-11-03,1.73,1.73,1.73,1.73
2015-11-04,1.73,1.73,1.73,1.73
2015-11-05,1.73,1.73,1.73,1.73
2015-11-06,1.73,1.73,1.73,1.73
2015-11-09,1.73,1.73,1.73,1.73
2015-11-10,1.73,1.73,1.73,1.73
2015-11-12,1.73,1.73,1.73,1.73
2015-11-13,1.73,1.73,1.73,1.73
2015-11-16,1.73,1.73,1.73,1.73
2015-11-17,1.73,1.73,1.73,1.73
2015-11-18,1.73,1.73,1.73,1.73
2015-11-19,1.73,1.73,1.73,1.73
2015-11-20,1.73,1.73,1.73,1.73
2015-11-23,1.73,1.73,1.73,1.73
2015-11-24,1.73,1.73,1.73,1.73
2015-11-25,1.73,1.73,1.73,1.73
2015-11-26,1.73,1.73,1.73,1.73
2015-11-27,1.73,1.73,1.73,1.73
2015-11-30,1.73,1.73,1.73,1.73
2015-12-01,1.73,1.73,1.73,1.73
2015-12-02,1.72,1.72,1.72,1.72
2015-12-03,1.72,1.72,1.72,1.72
2015-12-04,1.72,1.72,1.72,1.72
2015-12-07,1.72,1.72,1.72,1.72
2015-12-08,1.72,1.72,1.72,1.72
2015-12-09,1.72,1.72,1.72,1.72
2015-12-10,1.72,1.72,1.72,1.72
2015-12-11,1.72,1.72,1.72,1.72
2015-12-14,1.72,1.72,1.72,1.72
2015-12-15,1.72,1.72,1.72,1.72
2015-12-16,1.72,1.72,1.72,1.72
2015-12-17,1.72,1.72,1.72,1.72
2015-12-18,1.72,1.72,1.72,1.72
2015-12-21,1.72,1.72,1.72,1.72
2015-12-22,1.72,1.72,1.72,1.72
2015-12-23,1.72,1.72,1.72,1.72
2015-12-24,1.72,1.72,1.72,1.72
2015-12-28,1.72,1.72,1.72,1.72
2015-12-29,1.72,1.72,1.72,1.72
2015-12-30,1.72,1.72,1.72,1.72
2015-12-31,1.72,1.72,1.72,1.72
2016-01-04,1.72,1.72,1.72,1.72
2016-01-05,1.72,1.72,1.72,1.72
2016-01-07,1.72,1.72,1.72,1.72
2016-01-08,1.72,1.72,1.72,1.72
2016-01-11,1.72,1.72,1.72,1.72
2016-01-12,1.71,1.71,1.71,1.71
2016-01-13,1.71,1.71,1.71,1.71
2016-01-14,1.7,1.7,1.7,1.7
2016-01-15,1.7,1.7,1.7,1.7
2016-01-18,1.7,1.7,1.7,1.7
2016-01-19,1.7,1.7,1.7,1.7
2016-01-20,1.7,1.7,1.7,1.7
2016-01-21,1.7,1.7,1.7,1.7
2016-01-22,1.7,1.7,1.7,1.7
2016-01-25,1.7,1.7,1.7,1.7
2016-01-26,1.7,1.7,1.7,1.7
2016-01-27,1.7,1.7,1.7,1.7
2016-01-28,1.7,1.7,1.7,1.7
2016-01-29,1.7,1.7,1.7,1.7
2016-02-01,1.7,1.7,1.7,1.7
2016-02-02,1.7,1.7,1.7,1.7
2016-02-03,1.69,1.69,1.69,1.69
2016-02-04,1.69,1.69,1.69,1.69
2016-02-05,1.69,1.69,1.69,1.69
2016-02-08,1.69,1.69,1.69,1.69
2016-02-09,1.69,1.69,1.69,1.69
2016-02-10,1.69,1.69,1.69,1.69
2016-02-11,1.69,1.69,1.69,1.69
2016-02-12,1.69,1.69,1.69,1.69
2016-02-15,1.69,1.69,1.69,1.69
2016-02-16,1.69,1.69,1.69,1.69
2016-02-17,1.69,1.69,1.69,1.69
2016-02-18,1.69,1.69,1.69,1.69
2016-02-19,1.69,1.69,1.69,1.69
2016-02-22,1.69,1.69,1.69,1.69
2016-02-23,1.68,1.68,1.68,1.68
2016-02-24,1.68,1.68,1.68,1.68
2016-02-25,1.68,1.68,1.68,1.68
2016-02-26,1.68,1.68,1.68,1.68
2016-02-29,1.68,1.68,1.68,1.68
2016-03-01,1.68,1.68,1.68,1.68
2016-03-02,1.68,1.68,1.68,1.68
2016-03-03,1.67,1.67,1.67,1.67
2016-03-04,1.67,1.67,1.67,1.67
2016-03-07,1.67,1.67,1.67,1.67
2016-03-08,1.67,1.67,1.67,1.67
2016-03-09,1.67,1.67,1.67,1.67
2016-03-10,1.67,1.67,1.67,1.67
2016-03-11,1.67,1.67,1.67,1.67
2016-03-14,1.67,1.67,1.67,1.67
2016-03-15,1.67,1.67,1.67,1.67
2016-03-16,1.67,1.67,1.67,1.67
2016-03-17,1.67,1.67,1.67,1.67
2016-03-18,1.67,1.67,1.67,1.67
2016-03-21,1.67,1.67,1.67,1.67
2016-03-22,1.67,1.67,1.67,1.67
2016-03-23,1.67,1.67,1.67,1.67
2016-03-24,1.67,1.67,1.67,1.67
2016-03-25,1.67,1.67,1.67,1.67
2016-03-29,1.67,1.67,1.67,1.67
2016-03-30,1.67,1.67,1.67,1.67
2016-03-31,1.67,1.67,1.67,1.67
2016-04-01,1.67,1.67,1.67,1.67
2016-04-04,1.67,1.67,1.67,1.67
2016-04-05,1.67,1.67,1.67,1.67
2016-04-06,1.67,1.67,1.67,1.67
2016-04-07,1.67,1.67,1.67,1.67
2016-04-08,1.67,1.67,1.67,1.67
2016-04-11,1.67,1.67,1.67,1.67
2016-04-12,1.67,1.67,1.67,1.67
2016-04-13,1.67,1.67,1.67,1.67
2016-04-14,1.67,1.67,1.67,1.67
2016-04-15,1.67,1.67,1.67,1.67
2016-04-18,1.67,1.67,1.67,1.67
2016-04-19,1.67,1.67,1.67,1.67
2016-04-20,1.67,1.67,1.67,1.67
2016-04-21,1.67,1.67,1.67,1.67
2016-04-22,1.67,1.67,1.67,1.67
2016-04-25,1.67,1.67,1.67,1.67
2016-04-26,1.67,1.67,1.67,1.67
2016-04-27,1.67,1.67,1.67,1.67
2016-04-28,1.67,1.67,1.67,1.67
2016-04-29,1.67,1.67,1.67,1.67
2016-05-02,1.67,1.67,1.67,1.67
2016-05-04,1.67,1.67,1.67,1.67
2016-05-05,1.67,1.67,1.67,1.67
2016-05-06,1.67,1.67,1.67,1.67
2016-05-09,1.67,1.67,1.67,1.67
2016-05-10,1.67,1.67,1.67,1.67
2016-05-11,1.67,1.67,1.67,1.67
2016-05-12,1.67,1.67,1.67,1.67
2016-05-13,1.67,1.67,1.67,1.67
2016-05-16,1.67,1.67,1.67,1.67
2016-05-17,1.67,1.67,1.67,1.67
2016-05-18,1.67,1.67,1.67,1.67
2016-05-19,1.67,1.67,1.67,1.67
2016-05-20,1.67,1.67,1.67,1.67
2016-05-23,1.67,1.67,1.67,1.67
2016-05-24,1.68,1.68,1.68,1.68
2016-05-25,1.68,1.68,1.68,1.68
2016-05-27,1.68,1.68,1.68,1.68
2016-05-30,1.68,1.68,1.68,1.68
2016-05-31,1.68,1.68,1.68,1.68
2016-06-01,1.68,1.68,1.68,1.68
2016-06-02,1.68,1.68,1.68,1.68
2016-06-03,1.68,1.68,1.68,1.68
2016-06-06,1.68,1.68,1.68,1.68
2016-06-07,1.68,1.68,1.68,1.68
2016-06-08,1.68,1.68,1.68,1.68
2016-06-09,1.68,1.68,1.68,1.68
2016-06-10,1.68,1.68,1.68,1.68
2016-06-13,1.68,1.68,1.68,1.68
2016-06-14,1.68,1.68,1.68,1.68
2016-06-15,1.68,1.68,1.68,1.68
2016-06-16,1.69,1.69,1.69,1.69
2016-06-17,1.7,1.7,1.7,1.7
2016-06-20,1.7,1.7,1.7,1.7
2016-06-21,1.71,1.71,1.71,1.71
2016-06-22,1.71,1.71,1.71,1.71
2016-06-23,1.71,1.71,1.71,1.71
2016-06-24,1.71,1.71,1.71,1.71
2016-06-27,1.71,1.71,1.71,1.71
2016-06-28,1.71,1.71,1.71,1.71
2016-06-29,1.71,1.71,1.71,1.71
2016-06-30,1.71,1.71,1.71,1.71
2016-07-01,1.71,1.71,1.71,1.71
2016-07-04,1.71,1.71,1.71,1.71
2016-07-05,1.71,1.71,1.71,1.71
2016-07-06,1.71,1.71,1.71,1.71
2016-07-07,1.71,1.71,1.71,1.71
2016-07-08,1.71,1.71,1.71,1.71
2016-07-11,1.71,1.71,1.71,1.71
2016-07-12,1.71,1.71,1.71,1.71
2016-07-13,1.71,1.71,1.71,1.71
2016-07-14,1.71,1.71,1.71,1.71
2016-07-15,1.71,1.71,1.71,1.71
2016-07-18,1.71,1.71,1.71,1.71
2016-07-19,1.71,1.71,1.71,1.71
2016-07-20,1.71,1.71,1.71,1.71
2016-07-21,1.71,1.71,1.71,1.71
2016-07-22,1.71,1.71,1.71,1.71
2016-07-25,1.71,1.71,1.71,1.71
2016-07-26,1.71,1.71,1.71,1.71
2016-07-27,1.71,1.71,1.71,1.71
2016-07-28,1.71,1.71,1.71,1.71
2016-07-29,1.71,1.71,1.71,1.71
2016-08-01,1.71,1.71,1.71,1.71
2016-08-02,1.71,1.71,1.71,1.71
2016-08-03,1.71,1.71,1.71,1.71
2016-08-04,1.71,1.71,1.71,1.71
2016-08-05,1.71,1.71,1.71,1.71
2016-08-08,1.71,1.71,1.71,1.71
2016-08-09,1.71,1.71,1.71,1.71
2016-08-10,1.71,1.71,1.71,1.71
2016-08-11,1.71,1.71,1.71,1.71
2016-08-12,1.71,1.71,1.71,1.71
2016-08-16,1.71,1.71,1.71,1.71
2016-08-17,1.71,1.71,1.71,1.71
2016-08-18,1.71,1.71,1.71,1.71
2016-08-19,1.71,1.71,1.71,1.71
2016-08-22,1.71,1.71,1.71,1.71
2016-08-23,1.71,1.71,1.71,1.71
2016-08-24,1.71,1.71,1.71,1.71
2016-08-25,1.71,1.71,1.71,1.71
2016-08-26,1.71,1.71,1.71,1.71
2016-08-29,1.71,1.71,1.71,1.71
2016-08-30,1.71,1.71,1.71,1.71
2016-08-31,1.71,1.71,1.71,1.71
2016-09-01,1.71,1.71,1.71,1.71
2016-09-02,1.71,1.71,1.71,1.71
2016-09-05,1.71,1.71,1.71,1.71
2016-09-06,1.71,1.71,1.71,1.71
2016-09-07,1.71,1.71,1.71,1.71
2016-09-08,1.71,1.71,1.71,1.71
2016-09-09,1.71,1.71,1.71,1.71
2016-09-12,1.71,1.71,1.71,1.71
2016-09-13,1.71,1.71,1.71,1.71
2016-09-14,1.71,1.71,1.71,1.71
2016-09-15,1.71,1.71,1.71,1.71
2016-09-16,1.71,1.71,1.71,1.71
2016-09-19,1.71,1.71,1.71,1.71
2016-09-20,1.71,1.71,1.71,1.71
2016-09-21,1.71,1.71,1.71,1.71
2016-09-22,1.71,1.71,1.71,1.71
2016-09-23,1.71,1.71,1.71,1.71
2016-09-26,1.71,1.71,1.71,1.71
2016-09-27,1.71,1.71,1.71,1.71
2016-09-28,1.71,1.71,1.71,1.71
2016-09-29,1.71,1.71,1.71,1.71
2016-09-30,1.71,1.71,1.71,1.71
2016-10-03,1.71,1.71,1.71,1.71
2016-10-04,1.71,1.71,1.71,1.71
2016-10-05,1.71,1.71,1.71,1.71
2016-10-06,1.71,1.71,1.71,1.71
2016-10-07,1.71,1.71,1.71,1.71
2016-10-10,1.72,1.72,1.72,1.72
2016-10-11,1.72,1.72,1.72,1.72
2016-10-12,1.72,1.72,1.72,1.72
2016-10-13,1.72,1.72,1.72,1.72
2016-10-14,1.72,1.72,1.72,1.72
2016-10-17,1.72,1.72,1.72,1.72
2016-10-18,1.72,1.72,1.72,1.72
2016-10-19,1.72,1.72,1.72,1.72
2016-10-20,1.72,1.72,1.72,1.72
2016-10-21,1.72,1.72,1.72,1.72
2016-10-24,1.72,1.72,1.72,1.72
2016-10-25,1.72,1.72,1.72,1.72
2016-10-26,1.72,1.72,1.72,1.72
2016-10-27,1.72,1.72,1.72,1.72
2016-10-28,1.72,1.72,1.72,1.72
2016-10-31,1.72,1.72,1.72,1.72
2016-11-02,1.72,1.72,1.72,1.72
2016-11-03,1.72,1.72,1.72,1.72
2016-11-04,1.72,1.72,1.72,1.72
2016-11-07,1.72,1.72,1.72,1.72
2016-11-08,1.72,1.72,1.72,1.72
2016-11-09,1.73,1.73,1.73,1.73
2016-11-10,1.73,1.73,1.73,1.73
2016-11-14,1.73,1.73,1.73,1.73
2016-11-15,1.73,1.73,1.73,1.73
2016-11-16,1.73,1.73,1.73,1.73
2016-11-17,1.73,1.73,1.73,1.73
2016-11-18,1.73,1.73,1.73,1.73
2016-11-21,1.73,1.73,1.73,1.73
2016-11-22,1.73,1.73,1.73,1.73
2016-11-23,1.73,1.73,1.73,1.73
2016-11-24,1.73,1.73,1.73,1.73
2016-11-25,1.73,1.73,1.73,1.73
2016-11-28,1.73,1.73,1.73,1.73
2016-11-29,1.73,1.73,1.73,1.73
2016-11-30,1.73,1.73,1.73,1.73
2016-12-01,1.73,1.73,1.73,1.73
2016-12-02,1.73,1.73,1.73,1.73
2016-12-05,1.73,1.73,1.73,1.73
2016-12-06,1.73,1.73,1.73,1.73
2016-12-07,1.73,1.73,1.73,1.73
2016-12-08,1.73,1.73,1.73,1.73
2016-12-09,1.73,1.73,1.73,1.73
2016-12-12,1.73,1.73,1.73,1.73
2016-12-13,1.73,1.73,1.73,1.73
2016-12-14,1.73,1.73,1.73,1.73
2016-12-15,1.73,1.73,1.73,1.73
2016-12-16,1.73,1.73,1.73,1.73
2016-12-19,1.73,1.73,1.73,1.73
2016-12-20,1.73,1.73,1.73,1.73
2016-12-21,1.73,1.73,1.73,1.73
2016-12-22,1.73,1.73,1.73,1.73
2016-12-23,1.73,1.73,1.73,1.73
2016-12-27,1.73,1.73,1.73,1.73
2016-12-28,1.73,1.73,1.73,1.73
2016-12-29,1.73,1.73,1.73,1.73
2016-12-30,1.73,1.73,1.73,1.73
2017-01-02,1.73,1.73,1.73,1.73
2017-01-03,1.73,1.73,1.73,1.73
2017-01-04,1.73,1.73,1.73,1.73
2017-01-05,1.73,1.73,1.73,1.73
2017-01-09,1.73,1.73,1.73,1.73
2017-01-10,1.73,1.73,1.73,1.73
2017-01-11,1.73,1.73,1.73,1.73
2017-01-12,1.73,1.73,1.73,1.73
2017-01-13,1.73,1.73,1.73,1.73
2017-01-16,1.73,1.73,1.73,1.73
2017-01-17,1.73,1.73,1.73,1.73
2017-01-18,1.73,1.73,1.73,1.73
2017-01-19,1.73,1.73,1.73,1.73
2017-01-20,1.73,1.73,1.73,1.73
2017-01-23,1.73,1.73,1.73,1.73
2017-01-24,1.73,1.73,1.73,1.73
2017-01-25,1.73,1.73,1.73,1.73
2017-01-26,1.73,1.73,1.73,1.73
2017-01-27,1.73,1.73,1.73,1.73
2017-01-30,1.73,1.73,1.73,1.73
2017-01-31,1.73,1.73,1.73,1.73
2017-02-01,1.73,1.73,1.73,1.73
2017-02-02,1.73,1.73,1.73,1.73
2017-02-03,1.73,1.73,1.73,1.73
2017-02-06,1.73,1.73,1.73,1.73
2017-02-07,1.73,1.73,1.73,1.73
2017-02-08,1.73,1.73,1.73,1.73
2017-02-09,1.73,1.73,1.73,1.73
2017-02-10,1.73,1.73,1.73,1.73
2017-02-13,1.73,1.73,1.73,1.73
2017-02-14,1.73,1.73,1.73,1.73
2017-02-15,1.73,1.73,1.73,1.73
2017-02-16,1.73,1.73,1.73,1.73
2017-02-17,1.73,1.73,1.73,1.73
2017-02-20,1.73,1.73,1.73,1.73
2017-02-21,1.73,1.73,1.73,1.73
2017-02-22,1.73,1.73,1.73,1.73
2017-02-23,1.73,1.73,1.73,1.73
2017-02-24,1.73,1.73,1.73,1.73
2017-02-27,1.73,1.73,1.73,1.73
2017-02-28,1.73,1.73,1.73,1.73
2017-03-01,1.73,1.73,1.73,1.73
2017-03-02,1.73,1.73,1.73,1.73
2017-03-03,1.73,1.73,1.73,1.73
2017-03-06,1.73,1.73,1.73,1.73
2017-03-07,1.73,1.73,1.73,1.73
2017-03-08,1.73,1.73,1.73,1.73
2017-03-09,1.73,1.73,1.73,1.73
2017-03-10,1.73,1.73,1.73,1.73
2017-03-13,1.73,1.73,1.73,1.73
2017-03-14,1.73,1.73,1.73,1.73
2017-03-15,1.73,1.73,1.73,1.73
2017-03-16,1.73,1.73,1.73,1.73
2017-03-17,1.73,1.73,1.73,1.73
2017-03-20,1.73,1.73,1.73,1.73
2017-03-21,1.73,1.73,1.73,1.73
2017-03-22,1.73,1.73,1.73,1.73
2017-03-23,1.73,1.73,1.73,1.73
2017-03-24,1.73,1.73,1.73,1.73
2017-03-27,1.73,1.73,1.73,1.73
2017-03-28,1.73,1.73,1.73,1.73
2017-03-29,1.73,1.73,1.73,1.73
2017-03-30,1.73,1.73,1.73,1.73
2017-03-31,1.73,1.73,1.73,1.73
2017-04-03,1.73,1.73,1.73,1.73
2017-04-04,1.73,1.73,1.73,1.73
2017-04-05,1.73,1.73,1.73,1.73
2017-04-06,1.73,1.73,1.73,1.73
2017-04-07,1.73,1.73,1.73,1.73
2017-04-10,1.73,1.73,1.73,1.73
2017-04-11,1.73,1.73,1.73,1.73
2017-04-12,1.73,1.73,1.73,1.73
2017-04-13,1.73,1.73,1.73,1.73
2017-04-14,1.73,1.73,1.73,1.73
2017-04-18,1.73,1.73,1.73,1.73
2017-04-19,1.73,1.73,1.73,1.73
2017-04-20,1.73,1.73,1.73,1.73
2017-04-21,1.73,1.73,1.73,1.73
2017-04-24,1.73,1.73,1.73,1.73
2017-04-25,1.73,1.73,1.73,1.73
2017-04-26,1.73,1.73,1.73,1.73
2017-04-27,1.73,1.73,1.73,1.73
2017-04-28,1.73,1.73,1.73,1.73
2017-05-02,1.73,1.73,1.73,1.73
2017-05-04,1.73,1.73,1.73,1.73
2017-05-05,1.73,1.73,1.73,1.73
2017-05-08,1.73,1.73,1.73,1.73
2017-05-09,1.73,1.73,1.73,1.73
2017-05-10,1.73,1.73,1.73,1.73
2017-05-11,1.73,1.73,1.73,1.73
2017-05-12,1.73,1.73,1.73,1.73
2017-05-15,1.73,1.73,1.73,1.73
2017-05-16,1.73,1.73,1.73,1.73
2017-05-17,1.73,1.73,1.73,1.73
2017-05-18,1.73,1.73,1.73,1.73
2017-05-19,1.73,1.73,1.73,1.73
2017-05-22,1.73,1.73,1.73,1.73
2017-05-23,1.73,1.73,1.73,1.73
2017-05-24,1.73,1.73,1.73,1.73
2017-05-25,1.73,1.73,1.73,1.73
2017-05-26,1.73,1.73,1.73,1.73
2017-05-29,1.73,1.73,1.73,1.73
2017-05-30,1.73,1.73,1.73,1.73
2017-05-31,1.73,1.73,1.73,1.73
2017-06-01,1.73,1.73,1.73,1.73
2017-06-02,1.73,1.73,1.73,1.73
2017-06-05,1.73,1.73,1.73,1.73
2017-06-06,1.73,1.73,1.73,1.73
2017-06-07,1.73,1.73,1.73,1.73
2017-06-08,1.73,1.73,1.73,1.73
2017-06-09,1.73,1.73,1.73,1.73
2017-06-12,1.73,1.73,1.73,1.73
2017-06-13,1.73,1.73,1.73,1.73
2017-06-14,1.73,1.73,1.73,1.73
2017-06-16,1.73,1.73,1.73,1.73
2017-06-19,1.73,1.73,1.73,1.73
2017-06-20,1.73,1.73,1.73,1.73
2017-06-21,1.73,1.73,1.73,1.73
2017-06-22,1.73,1.73,1.73,1.73
2017-06-23,1.73,1.73,1.73,1.73
2017-06-26,1.73,1.73,1.73,1.73
2017-06-27,1.73,1.73,1.73,1.73
2017-06-28,1.73,1.73,1.73,1.73
2017-06-29,1.73,1.73,1.73,1.73
2017-06-30,1.73,1.73,1.73,1.73
2017-07-03,1.73,1.73,1.73,1.73
2017-07-04,1.73,1.73,1.73,1.73
2017-07-05,1.73,1.73,1.73,1.73
2017-07-06,1.73,1.73,1.73,1.73
2017-07-07,1.73,1.73,1.73,1.73
2017-07-10,1.73,1.73,1.73,1.73
2017-07-11,1.73,1.73,1.73,1.73
2017-07-12,1.73,1.73,1.73,1.73
2017-07-13,1.73,1.73,1.73,1.73
2017-07-14,1.73,1.73,1.73,1.73
2017-07-17,1.73,1.73,1.73,1.73
2017-07-18,1.73,1.73,1.73,1.73
2017-07-19,1.73,1.73,1.73,1.73
2017-07-20,1.73,1.73,1.73,1.73
2017-07-21,1.73,1.73,1.73,1.73
2017-07-24,1.73,1.73,1.73,1.73
2017-07-25,1.73,1.73,1.73,1.73
2017-07-26,1.73,1.73,1.73,1.73
2017-07-27,1.73,1.73,1.73,1.73
2017-07-28,1.73,1.73,1.73,1.73
2017-07-31,1.73,1.73,1.73,1.73
2017-08-01,1.73,1.73,1.73,1.73
2017-08-02,1.73,1.73,1.73,1.73
2017-08-03,1.73,1.73,1.73,1.73
2017-08-04,1.73,1.73,1.73,1.73
2017-08-07,1.73,1.73,1.73,1.73
2017-08-08,1.73,1.73,1.73,1.73
2017-08-09,1.73,1.73,1.73,1.73
2017-08-10,1.73,1.73,1.73,1.73
2017-08-11,1.73,1.73,1.73,1.73
2017-08-14,1.73,1.73,1.73,1.73
2017-08-16,1.73,1.73,1.73,1.73
2017-08-17,1.73,1.73,1.73,1.73
2017-08-18,1.73,1.73,1.73,1.73
2017-08-21,1.73,1.73,1.73,1.73
2017-08-22,1.73,1.73,1.73,1.73
2017-08-23,1.73,1.73,1.73,1.73
2017-08-24,1.73,1.73,1.73,1.73
2017-08-25,1.73,1.73,1.73,1.73
2017-08-28,1.73,1.73,1.73,1.73
2017-08-29,1.73,1.73,1.73,1.73
2017-08-30,1.73,1.73,1.73,1.73
2017-08-31,1.73,1.73,1.73,1.73
2017-09-01,1.73,1.73,1.73,1.73
2017-09-04,1.73,1.73,1.73,1.73
2017-09-05,1.73,1.73,1.73,1.73
2017-09-06,1.73,1.73,1.73,1.73
2017-09-07,1.73,1.73,1.73,1.73
2017-09-08,1.73,1.73,1.73,1.73
2017-09-11,1.73,1.73,1.73,1.73
2017-09-12,1.73,1.73,1.73,1.73
2017-09-13,1.73,1.73,1.73,1.73
2017-09-14,1.73,1.73,1.73,1.73
2017-09-15,1.73,1.73,1.73,1.73
2017-09-18,1.73,1.73,1.73,1.73
2017-09-19,1.73,1.73,1.73,1.73
2017-09-20,1.73,1.73,1.73,1.73
2017-09-21,1.73,1.73,1.73,1.73
2017-09-22,1.73,1.73,1.73,1.73
2017-09-25,1.73,1.73,1.73,1.73
2017-09-26,1.73,1.73,1.73,1.73
2017-09-27,1.73,1.73,1.73,1.73
2017-09-28,1.73,1.73,1.73,1.73
2017-09-29,1.73,1.73,1.73,1.73
2017-10-02,1.73,1.73,1.73,1.73
2017-10-03,1.73,1.73,1.73,1.73
2017-10-04,1.73,1.73,1.73,1.73
2017-10-05,1.73,1.73,1.73,1.73
2017-10-06,1.73,1.73,1.73,1.73
2017-10-09,1.73,1.73,1.73,1.73
2017-10-10,1.73,1.73,1.73,1.73
2017-10-11,1.73,1.73,1.73,1.73
2017-10-12,1.73,1.73,1.73,1.73
2017-10-13,1.73,1.73,1.73,1.73
2017-10-16,1.73,1.73,1.73,1.73
2017-10-17,1.73,1.73,1.73,1.73
2017-10-18,1.73,1.73,1.73,1.73
2017-10-19,1.73,1.73,1.73,1.73
2017-10-20,1.73,1.73,1.73,1.73
2017-10-23,1.73,1.73,1.73,1.73
2017-10-24,1.73,1.73,1.73,1.73
2017-10-25,1.73,1.73,1.73,1.73
2017-10-26,1.73,1.73,1.73,1.73
2017-10-27,1.73,1.73,1.73,1.73
2017-10-30,1.73,1.73,1.73,1.73
2017-10-31,1.73,1.73,1.73,1.73
2017-11-02,1.73,1.73,1.73,1.73
2017-11-03,1.73,1.73,1.73,1.73
2017-11-06,1.73,1.73,1.73,1.73
2017-11-07,1.73,1.73,1.73,1.73
2017-11-08,1.73,1.73,1.73,1.73
2017-11-09,1.73,1.73,1.73,1.73
2017-11-10,1.73,1.73,1.73,1.73
2017-11-13,1.73,1.73,1.73,1.73
2017-11-14,1.73,1.73,1.73,1.73
2017-11-15,1.73,1.73,1.73,1.73
2017-11-16,1.73,1.73,1.73,1.73
2017-11-17,1.73,1.73,1.73,1.73
2017-11-20,1.73,1.73,1.73,1.73
2017-11-21,1.73,1.73,1.73,1.73
2017-11-22,1.73,1.73,1.73,1.73
2017-11-23,1.73,1.73,1.73,1.73
2017-11-24,1.73,1.73,1.73,1.73
2017-11-27,1.73,1.73,1.73,1.73
2017-11-28,1.73,1.73,1.73,1.73
2017-11-29,1.73,1.73,1.73,1.73
2017-11-30,1.73,1.73,1.73,1.73
2017-12-01,1.73,1.73,1.73,1.73
2017-12-04,1.73,1.73,1.73,1.73
2017-12-05,1.73,1.73,1.73,1.73
2017-12-06,1.73,1.73,1.73,1.73
2017-12-07,1.72,1.72,1.72,1.72
2017-12-08,1.72,1.72,1.72,1.72
2017-12-11,1.72,1.72,1.72,1.72
2017-12-12,1.72,1.72,1.72,1.72
2017-12-13,1.72,1.72,1.72,1.72
2017-12-14,1.72,1.72,1.72,1.72
2017-12-15,1.72,1.72,1.72,1.72
2017-12-18,1.72,1.72,1.72,1.72
2017-12-19,1.72,1.72,1.72,1.72
2017-12-20,1.72,1.72,1.72,1.72
2017-12-21,1.72,1.72,1.72,1.72
2017-12-22,1.72,1.72,1.72,1.72
2017-12-27,1.72,1.72,1.72,1.72
2017-12-28,1.72,1.72,1.72,1.72
2017-12-29,1.72,1.72,1.72,1.72
2018-01-02,1.72,1.72,1.72,1.72
2018-01-03,1.72,1.72,1.72,1.72
2018-01-04,1.72,1.72,1.72,1.72
2018-01-05,1.72,1.72,1.72,1.72
2018-01-08,1.72,1.72,1.72,1.72
2018-01-09,1.72,1.72,1.72,1.72
2018-01-10,1.72,1.72,1.72,1.72
2018-01-11,1.72,1.72,1.72,1.72
2018-01-12,1.72,1.72,1.72,1.72
2018-01-15,1.72,1.72,1.72,1.72
2018-01-16,1.72,1.72,1.72,1.72
2018-01-17,1.72,1.72,1.72,1.72
2018-01-18,1.72,1.72,1.72,1.72
2018-01-19,1.72,1.72,1.72,1.72
2018-01-22,1.72,1.72,1.72,1.72
2018-01-23,1.72,1.72,1.72,1.72
2018-01-24,1.72,1.72,1.72,1.72
2018-01-25,1.72,1.72,1.72,1.72
2018-01-26,1.72,1.72,1.72,1.72
2018-01-29,1.72,1.72,1.72,1.72
2018-01-30,1.72,1.72,1.72,1.72
2018-01-31,1.72,1.72,1.72,1.72
2018-02-01,1.72,1.72,1.72,1.72
2018-02-02,1.72,1.72,1.72,1.72
2018-02-05,1.72,1.72,1.72,1.72
2018-02-06,1.72,1.72,1.72,1.72
2018-02-07,1.72,1.72,1.72,1.72
2018-02-08,1.72,1.72,1.72,1.72
2018-02-09,1.72,1.72,1.72,1.72
2018-02-12,1.72,1.72,1.72,1.72
2018-02-13,1.72,1.72,1.72,1.72
2018-02-14,1.72,1.72,1.72,1.72
2018-02-15,1.72,1.72,1.72,1.72
2018-02-16,1.72,1.72,1.72,1.72
2018-02-19,1.72,1.72,1.72,1.72
2018-02-20,1.72,1.72,1.72,1.72
2018-02-21,1.72,1.72,1.72,1.72
2018-02-22,1.72,1.72,1.72,1.72
2018-02-23,1.72,1.72,1.72,1.72
2018-02-26,1.72,1.72,1.72,1.72
2018-02-27,1.72,1.72,1.72,1.72
2018-02-28,1.72,1.72,1.72,1.72
2018-03-01,1.72,1.72,1.72,1.72
2018-03-02,1.72,1.72,1.72,1.72
2018-03-05,1.72,1.72,1.72,1.72
2018-03-06,1.72,1.72,1.72,1.72
2018-03-07,1.72,1.72,1.72,1.72
2018-03-08,1.71,1.71,1.71,1.71
2018-03-09,1.71,1.71,1.71,1.71
2018-03-12,1.71,1.71,1.71,1.71
2018-03-13,1.71,1.71,1.71,1.71
2018-03-14,1.71,1.71,1.71,1.71
2018-03-15,1.7,1.7,1.7,1.7
2018-03-16,1.7,1.7,1.7,1.7
2018-03-19,1.7,1.7,1.7,1.7
2018-03-20,1.7,1.7,1.7,1.7
2018-03-21,1.7,1.7,1.7,1.7
2018-03-22,1.7,1.7,1.7,1.7
2018-03-23,1.7,1.7,1.7,1.7
2018-03-26,1.7,1.7,1.7,1.7
2018-03-27,1.7,1.7,1.7,1.7
2018-03-28,1.7,1.7,1.7,1.7
2018-03-29,1.7,1.7,1.7,1.7
2018-03-30,1.7,1.7,1.7,1.7
2018-04-03,1.7,1.7,1.7,1.7
2018-04-04,1.7,1.7,1.7,1.7
2018-04-05,1.7,1.7,1.7,1.7
2018-04-06,1.7,1.7,1.7,1.7
2018-04-09,1.7,1.7,1.7,1.7
2018-04-10,1.7,1.7,1.7,1.7
2018-04-11,1.7,1.7,1.7,1.7
2018-04-12,1.7,1.7,1.7,1.7
2018-04-13,1.7,1.7,1.7,1.7
2018-04-16,1.7,1.7,1.7,1.7
2018-04-17,1.7,1.7,1.7,1.7
2018-04-18,1.7,1.7,1.7,1.7
2018-04-19,1.7,1.7,1.7,1.7
2018-04-20,1.7,1.7,1.7,1.7
2018-04-23,1.7,1.7,1.7,1.7
2018-04-24,1.7,1.7,1.7,1.7
2018-04-25,1.7,1.7,1.7,1.7
2018-04-26,1.7,1.7,1.7,1.7
2018-04-27,1.7,1.7,1.7,1.7
2018-04-30,1.7,1.7,1.7,1.7
2018-05-02,1.7,1.7,1.7,1.7
2018-05-04,1.7,1.7,1.7,1.7
2018-05-07,1.7,1.7,1.7,1.7
2018-05-08,1.7,1.7,1.7,1.7
2018-05-09,1.7,1.7,1.7,1.7
2018-05-10,1.7,1.7,1.7,1.7
2018-05-11,1.7,1.7,1.7,1.7
2018-05-14,1.7,1.7,1.7,1.7
2018-05-15,1.7,1.7,1.7,1.7
2018-05-16,1.7,1.7,1.7,1.7
2018-05-17,1.7,1.7,1.7,1.7
2018-05-18,1.7,1.7,1.7,1.7
2018-05-21,1.7,1.7,1.7,1.7
2018-05-22,1.7,1.7,1.7,1.7
2018-05-23,1.7,1.7,1.7,1.7
2018-05-24,1.7,1.7,1.7,1.7
2018-05-25,1.7,1.7,1.7,1.7
2018-05-28,1.7,1.7,1.7,1.7
2018-05-29,1.7,1.7,1.7,1.7
2018-05-30,1.7,1.7,1.7,1.7
2018-06-01,1.7,1.7,1.7,1.7
2018-06-04,1.7,1.7,1.7,1.7
2018-06-05,1.7,1.7,1.7,1.7
2018-06-06,1.7,1.7,1.7,1.7
2018-06-07,1.7,1.7,1.7,1.7
2018-06-08,1.7,1.7,1.7,1.7
2018-06-11,1.7,1.7,1.7,1.7
2018-06-12,1.7,1.7,1.7,1.7
2018-06-13,1.7,1.7,1.7,1.7
2018-06-14,1.7,1.7,1.7,1.7
2018-06-15,1.7,1.7,1.7,1.7
2018-06-18,1.7,1.7,1.7,1.7
2018-06-19,1.7,1.7,1.7,1.7
2018-06-20,1.7,1.7,1.7,1.7
2018-06-21,1.7,1.7,1.7,1.7
2018-06-22,1.7,1.7,1.7,1.7
2018-06-25,1.7,1.7,1.7,1.7
2018-06-26,1.7,1.7,1.7,1.7
2018-06-27,1.7,1.7,1.7,1.7
2018-06-28,1.7,1.7,1.7,1.7
2018-06-29,1.7,1.7,1.7,1.7
2018-07-02,1.7,1.7,1.7,1.7
2018-07-03,1.7,1.7,1.7,1.7
2018-07-04,1.7,1.7,1.7,1.7
2018-07-05,1.7,1.7,1.7,1.7
2018-07-06,1.7,1.7,1.7,1.7
2018-07-09,1.7,1.7,1.7,1.7
2018-07-10,1.7,1.7,1.7,1.7
2018-07-11,1.7,1.7,1.7,1.7
2018-07-12,1.7,1.7,1.7,1.7
2018-07-13,1.7,1.7,1.7,1.7
2018-07-16,1.7,1.7,1.7,1.7
2018-07-17,1.7,1.7,1.7,1.7
2018-07-18,1.7,1.7,1.7,1.7
2018-07-19,1.7,1.7,1.7,1.7
2018-07-20,1.7,1.7,1.7,1.7
2018-07-23,1.7,1.7,1.7,1.7
2018-07-24,1.7,1.7,1.7,1.7
2018-07-25,1.7,1.7,1.7,1.7
2018-07-26,1.7,1.7,1.7,1.7
2018-07-27,1.7,1.7,1.7,1.7
2018-07-30,1.7,1.7,1.7,1.7
2018-07-31,1.7,1.7,1.7,1.7
2018-08-01,1.7,1.7,1.7,1.7
2018-08-02,1.7,1.7,1.7,1.7
2018-08-03,1.7,1.7,1.7,1.7
2018-08-06,1.7,1.7,1.7,1.7
2018-08-07,1.7,1.7,1.7,1.7
2018-08-08,1.7,1.7,1.7,1.7
2018-08-09,1.7,1.7,1.7,1.7
2018-08-10,1.7,1.7,1.7,1.7
2018-08-13,1.7,1.7,1.7,1.7
2018-08-14,1.7,1.7,1.7,1.7
2018-08-16,1.7,1.7,1.7,1.7
2018-08-17,1.7,1.7,1.7,1.7
2018-08-20,1.71,1.71,1.71,1.71
2018-08-21,1.71,1.71,1.71,1.71
2018-08-22,1.71,1.71,1.71,1.71
2018-08-23,1.71,1.71,1.71,1.71
2018-08-24,1.71,1.71,1.71,1.71
2018-08-27,1.71,1.71,1.71,1.71
2018-08-28,1.71,1.71,1.71,1.71
2018-08-29,1.71,1.71,1.71,1.71
2018-08-30,1.71,1.71,1.71,1.71
2018-08-31,1.71,1.71,1.71,1.71
2018-09-03,1.71,1.71,1.71,1.71
2018-09-04,1.71,1.71,1.71,1.71
2018-09-05,1.71,1.71,1.71,1.71
2018-09-06,1.71,1.71,1.71,1.71
2018-09-07,1.71,1.71,1.71,1.71
2018-09-10,1.71,1.71,1.71,1.71
2018-09-11,1.71,1.71,1.71,1.71
2018-09-12,1.71,1.71,1.71,1.71
2018-09-13,1.71,1.71,1.71,1.71
2018-09-14,1.71,1.71,1.71,1.71
2018-09-17,1.72,1.72,1.72,1.72
2018-09-18,1.72,1.72,1.72,1.72
2018-09-19,1.72,1.72,1.72,1.72
2018-09-20,1.72,1.72,1.72,1.72
2018-09-21,1.72,1.72,1.72,1.72
2018-09-24,1.72,1.72,1.72,1.72
2018-09-25,1.72,1.72,1.72,1.72
2018-09-26,1.72,1.72,1.72,1.72
2018-09-27,1.72,1.72,1.72,1.72
2018-09-28,1.72,1.72,1.72,1.72
2018-10-01,1.72,1.72,1.72,1.72
2018-10-02,1.72,1.72,1.72,1.72
2018-10-03,1.72,1.72,1.72,1.72
2018-10-04,1.72,1.72,1.72,1.72
2018-10-05,1.72,1.72,1.72,1.72
2018-10-08,1.72,1.72,1.72,1.72
2018-10-09,1.72,1.72,1.72,1.72
2018-10-10,1.72,1.72,1.72,1.72
2018-10-11,1.72,1.72,1.72,1.72
2018-10-12,1.72,1.72,1.72,1.72
2018-10-15,1.72,1.72,1.72,1.72
2018-10-16,1.72,1.72,1.72,1.72
2018-10-17,1.72,1.72,1.72,1.72
2018-10-18,1.72,1.72,1.72,1.72
2018-10-19,1.72,1.72,1.72,1.72
2018-10-22,1.72,1.72,1.72,1.72
2018-10-23,1.72,1.72,1.72,1.72
2018-10-24,1.72,1.72,1.72,1.72
2018-10-25,1.72,1.72,1.72,1.72
2018-10-26,1.72,1.72,1.72,1.72
2018-10-29,1.72,1.72,1.72,1.72
2018-10-30,1.72,1.72,1.72,1.72
2018-10-31,1.72,1.72,1.72,1.72
2018-11-02,1.72,1.72,1.72,1.72
2018-11-05,1.72,1.72,1.72,1.72
2018-11-06,1.72,1.72,1.72,1.72
2018-11-07,1.72,1.72,1.72,1.72
2018-11-08,1.72,1.72,1.72,1.72
2018-11-09,1.72,1.72,1.72,1.72
2018-11-12,1.72,1.72,1.72,1.72
2018-11-13,1.72,1.72,1.72,1.72
2018-11-14,1.72,1.72,1.72,1.72
2018-11-15,1.72,1.72,1.72,1.72
2018-11-16,1.72,1.72,1.72,1.72
2018-11-19,1.72,1.72,1.72,1.72
2018-11-20,1.72,1.72,1.72,1.72
2018-11-21,1.72,1.72,1.72,1.72
2018-11-22,1.72,1.72,1.72,1.72
2018-11-23,1.72,1.72,1.72,1.72
2018-11-26,1.72,1.72,1.72,1.72
2018-11-27,1.72,1.72,1.72,1.72
2018-11-28,1.72,1.72,1.72,1.72
2018-11-29,1.72,1.72,1.72,1.72
2018-11-30,1.72,1.72,1.72,1.72
2018-12-03,1.72,1.72,1.72,1.72
2018-12-04,1.72,1.72,1.72,1.72
2018-12-05,1.72,1.72,1.72,1.72
2018-12-06,1.72,1.72,1.72,1.72
2018-12-07,1.72,1.72,1.72,1.72
2018-12-10,1.72,1.72,1.72,1.72
2018-12-11,1.72,1.72,1.72,1.72
2018-12-12,1.72,1.72,1.72,1.72
2018-12-13,1.72,1.72,1.72,1.72
2018-12-14,1.72,1.72,1.72,1.72
2018-12-17,1.72,1.72,1.72,1.72
2018-12-18,1.72,1.72,1.72,1.72
2018-12-19,1.72,1.72,1.72,1.72
2018-12-20,1.72,1.72,1.72,1.72
2018-12-21,1.72,1.72,1.72,1.72
2018-12-24,1.72,1.72,1.72,1.72
2018-12-27,1.72,1.72,1.72,1.72
2018-12-28,1.72,1.72,1.72,1.72
2018-12-31,1.72,1.72,1.72,1.72
2019-01-02,1.72,1.72,1.72,1.72
2019-01-03,1.72,1.72,1.72,1.72
2019-01-04,1.72,1.72,1.72,1.72
2019-01-07,1.72,1.72,1.72,1.72
2019-01-08,1.72,1.72,1.72,1.72
2019-01-09,1.72,1.72,1.72,1.72
2019-01-10,1.72,1.72,1.72,1.72
2019-01-11,1.72,1.72,1.72,1.72
2019-01-14,1.72,1.72,1.72,1.72
2019-01-15,1.72,1.72,1.72,1.72
2019-01-16,1.72,1.72,1.72,1.72
2019-01-17,1.72,1.72,1.72,1.72
2019-01-18,1.72,1.72,1.72,1.72
2019-01-21,1.72,1.72,1.72,1.72
2019-01-22,1.72,1.72,1.72,1.72
2019-01-23,1.72,1.72,1.72,1.72
2019-01-24,1.72,1.72,1.72,1.72
2019-01-25,1.72,1.72,1.72,1.72
2019-01-28,1.72,1.72,1.72,1.72
2019-01-29,1.72,1.72,1.72,1.72
2019-01-30,1.72,1.72,1.72,1.72
2019-01-31,1.72,1.72,1.72,1.72
2019-02-01,1.72,1.72,1.72,1.72
2019-02-04,1.72,1.72,1.72,1.72
2019-02-05,1.72,1.72,1.72,1.72
2019-02-06,1.72,1.72,1.72,1.72
2019-02-07,1.72,1.72,1.72,1.72
2019-02-08,1.72,1.72,1.72,1.72
2019-02-11,1.72,1.72,1.72,1.72
2019-02-12,1.72,1.72,1.72,1.72
2019-02-13,1.72,1.72,1.72,1.72
2019-02-14,1.72,1.72,1.72,1.72
2019-02-15,1.72,1.72,1.72,1.72
2019-02-18,1.72,1.72,1.72,1.72
2019-02-19,1.72,1.72,1.72,1.72
2019-02-20,1.72,1.72,1.72,1.72
2019-02-21,1.72,1.72,1.72,1.72
2019-02-22,1.72,1.72,1.72,1.72
2019-02-25,1.72,1.72,1.72,1.72
2019-02-26,1.72,1.72,1.72,1.72
2019-02-27,1.72,1.72,1.72,1.72
2019-02-28,1.72,1.72,1.72,1.72
2019-03-01,1.72,1.72,1.72,1.72
2019-03-04,1.72,1.72,1.72,1.72
2019-03-05,1.72,1.72,1.72,1.72
2019-03-06,1.72,1.72,1.72,1.72
2019-03-07,1.72,1.72,1.72,1.72
2019-03-08,1.72,1.72,1.72,1.72
2019-03-11,1.72,1.72,1.72,1.72
2019-03-12,1.72,1.72,1.72,1.72
2019-03-13,1.72,1.72,1.72,1.72
2019-03-14,1.72,1.72,1.72,1.72
2019-03-15,1.72,1.72,1.72,1.72
2019-03-18,1.72,1.72,1.72,1.72
2019-03-19,1.72,1.72,1.72,1.72
2019-03-20,1.72,1.72,1.72,1.72
2019-03-21,1.72,1.72,1.72,1.72
2019-03-22,1.72,1.72,1.72,1.72
2019-03-25,1.72,1.72,1.72,1.72
2019-03-26,1.72,1.72,1.72,1.72
2019-03-27,1.72,1.72,1.72,1.72
2019-03-28,1.72,1.72,1.72,1.72
2019-03-29,1.72,1.72,1.72,1.72
2019-04-01,1.72,1.72,1.72,1.72
2019-04-02,1.72,1.72,1.72,1.72
2019-04-03,1.72,1.72,1.72,1.72
2019-04-04,1.72,1.72,1.72,1.72
2019-04-05,1.72,1.72,1.72,1.72
2019-04-08,1.72,1.72,1.72,1.72
2019-04-09,1.72,1.72,1.72,1.72
2019-04-10,1.72,1.72,1.72,1.72
2019-04-11,1.72,1.72,1.72,1.72
2019-04-12,1.72,1.72,1.72,1.72
2019-04-15,1.72,1.72,1.72,1.72
2019-04-16,1.72,1.72,1.72,1.72
2019-04-17,1.72,1.72,1.72,1.72
2019-04-18,1.72,1.72,1.72,1.72
2019-04-23,1.72,1.72,1.72,1.72
2019-04-24,1.72,1.72,1.72,1.72
2019-04-25,1.72,1.72,1.72,1.72
2019-04-26,1.72,1.72,1.72,1.72
2019-04-29,1.72,1.72,1.72,1.72
2019-04-30,1.72,1.72,1.72,1.72
2019-05-02,1.72,1.72,1.72,1.72
2019-05-06,1.72,1.72,1.72,1.72
2019-05-07,1.72,1.72,1.72,1.72
2019-05-08,1.72,1.72,1.72,1.72
2019-05-09,1.72,1.72,1.72,1.72
2019-05-10,1.72,1.72,1.72,1.72
2019-05-13,1.72,1.72,1.72,1.72
2019-05-14,1.72,1.72,1.72,1.72
2019-05-15,1.72,1.72,1.72,1.72
2019-05-16,1.72,1.72,1.72,1.72
2019-05-17,1.72,1.72,1.72,1.72
2019-05-20,1.72,1.72,1.72,1.72
2019-05-21,1.72,1.72,1.72,1.72
2019-05-22,1.72,1.72,1.72,1.72
2019-05-23,1.72,1.72,1.72,1.72
2019-05-24,1.72,1.72,1.72,1.72
2019-05-27,1.72,1.72,1.72,1.72
2019-05-28,1.72,1.72,1.72,1.72
2019-05-29,1.72,1.72,1.72,1.72
2019-05-30,1.72,1.72,1.72,1.72
2019-05-31,1.72,1.72,1.72,1.72
2019-06-03,1.72,1.72,1.72,1.72
2019-06-04,1.72,1.72,1.72,1.72
2019-06-05,1.72,1.72,1.72,1.72
2019-06-06,1.72,1.72,1.72,1.72
2019-06-07,1.72,1.72,1.72,1.72
2019-06-10,1.72,1.72,1.72,1.72
2019-06-11,1.72,1.72,1.72,1.72
2019-06-12,1.72,1.72,1.72,1.72
2019-06-13,1.72,1.72,1.72,1.72
2019-06-14,1.72,1.72,1.72,1.72
2019-06-17,1.72,1.72,1.72,1.72
2019-06-18,1.72,1.72,1.72,1.72
2019-06-19,1.72,1.72,1.72,1.72
2019-06-21,1.72,1.72,1.72,1.72
2019-06-24,1.72,1.72,1.72,1.72
2019-06-25,1.72,1.72,1.72,1.72
2019-06-26,1.72,1.72,1.72,1.72
2019-06-27,1.72,1.72,1.72,1.72
2019-06-28,1.72,1.72,1.72,1.72
2019-07-01,1.72,1.72,1.72,1.72
2019-07-02,1.72,1.72,1.72,1.72
2019-07-03,1.72,1.72,1.72,1.72
2019-07-04,1.72,1.72,1.72,1.72
2019-07-05,1.72,1.72,1.72,1.72
2019-07-08,1.72,1.72,1.72,1.72
2019-07-09,1.72,1.72,1.72,1.72
2019-07-10,1.72,1.72,1.72,1.72
2019-07-11,1.72,1.72,1.72,1.72
2019-07-12,1.72,1.72,1.72,1.72
2019-07-15,1.72,1.72,1.72,1.72
2019-07-16,1.72,1.72,1.72,1.72
2019-07-17,1.72,1.72,1.72,1.72
2019-07-18,1.72,1.72,1.72,1.72
2019-07-19,1.72,1.72,1.72,1.72
2019-07-22,1.72,1.72,1.72,1.72
2019-07-23,1.72,1.72,1.72,1.72
2019-07-24,1.72,1.72,1.72,1.72
2019-07-25,1.72,1.72,1.72,1.72
2019-07-26,1.72,1.72,1.72,1.72
2019-07-29,1.72,1.72,1.72,1.72
2019-07-30,1.72,1.72,1.72,1.72
2019-07-31,1.72,1.72,1.72,1.72
2019-08-01,1.72,1.72,1.72,1.72
2019-08-02,1.72,1.72,1.72,1.72
2019-08-05,1.72,1.72,1.72,1.72
2019-08-06,1.72,1.72,1.72,1.72
2019-08-07,1.72,1.72,1.72,1.72
2019-08-08,1.72,1.72,1.72,1.72
2019-08-09,1.72,1.72,1.72,1.72
2019-08-12,1.72,1.72,1.72,1.72
2019-08-13,1.72,1.72,1.72,1.72
2019-08-14,1.72,1.72,1.72,1.72
2019-08-16,1.72,1.72,1.72,1.72
2019-08-19,1.72,1.72,1.72,1.72
2019-08-20,1.72,1.72,1.72,1.72
2019-08-21,1.72,1.72,1.72,1.72
2019-08-22,1.72,1.72,1.72,1.72
2019-08-23,1.72,1.72,1.72,1.72
2019-08-26,1.72,1.72,1.72,1.72
2019-08-27,1.72,1.72,1.72,1.72
2019-08-28,1.72,1.72,1.72,1.72
2019-08-29,1.72,1.72,1.72,1.72
2019-08-30,1.72,1.72,1.72,1.72
2019-09-02,1.72,1.72,1.72,1.72
2019-09-03,1.72,1.72,1.72,1.72
2019-09-04,1.72,1.72,1.72,1.72
2019-09-05,1.72,1.72,1.72,1.72
2019-09-06,1.72,1.72,1.72,1.72
2019-09-09,1.72,1.72,1.72,1.72
2019-09-10,1.72,1.72,1.72,1.72
2019-09-11,1.72,1.72,1.72,1.72
2019-09-12,1.72,1.72,1.72,1.72
2019-09-13,1.72,1.72,1.72,1.72
2019-09-16,1.72,1.72,1.72,1.72
2019-09-17,1.72,1.72,1.72,1.72
2019-09-18,1.72,1.72,1.72,1.72
2019-09-19,1.72,1.72,1.72,1.72
2019-09-20,1.72,1.72,1.72,1.72
2019-09-23,1.72,1.72,1.72,1.72
2019-09-24,1.72,1.72,1.72,1.72
2019-09-25,1.72,1.72,1.72,1.72
2019-09-26,1.72,1.72,1.72,1.72
2019-09-27,1.72,1.72,1.72,1.72
2019-09-30,1.72,1.72,1.72,1.72
2019-10-01,1.72,1.72,1.72,1.72
2019-10-02,1.72,1.72,1.72,1.72
2019-10-03,1.72,1.72,1.72,1.72
2019-10-04,1.72,1.72,1.72,1.72
2019-10-07,1.72,1.72,1.72,1.72
2019-10-08,1.72,1.72,1.72,1.72
2019-10-09,1.72,1.72,1.72,1.72
2019-10-10,1.72,1.72,1.72,1.72
2019-10-11,1.72,1.72,1.72,1.72
2019-10-14,1.71,1.71,1.71,1.71
2019-10-15,1.71,1.71,1.71,1.71
2019-10-16,1.71,1.71,1.71,1.71
2019-10-17,1.71,1.71,1.71,1.71
2019-10-18,1.71,1.71,1.71,1.71
2019-10-21,1.71,1.71,1.71,1.71
2019-10-22,1.71,1.71,1.71,1.71
2019-10-23,1.72,1.72,1.72,1.72
2019-10-24,1.72,1.72,1.72,1.72
2019-10-25,1.72,1.72,1.72,1.72
2019-10-28,1.72,1.72,1.72,1.72
2019-10-29,1.71,1.71,1.71,1.71
2019-10-30,1.71,1.71,1.71,1.71
2019-10-31,1.71,1.71,1.71,1.71
2019-11-04,1.71,1.71,1.71,1.71
2019-11-05,1.71,1.71,1.71,1.71
2019-11-06,1.71,1.71,1.71,1.71
2019-11-07,1.71,1.71,1.71,1.71
2019-11-08,1.71,1.71,1.71,1.71
2019-11-12,1.71,1.71,1.71,1.71
2019-11-13,1.71,1.71,1.71,1.71
2019-11-14,1.71,1.71,1.71,1.71
2019-11-15,1.71,1.71,1.71,1.71
2019-11-18,1.71,1.71,1.71,1.71
2019-11-19,1.71,1.71,1.71,1.71
2019-11-20,1.71,1.71,1.71,1.71
2019-11-21,1.71,1.71,1.71,1.71
2019-11-22,1.71,1.71,1.71,1.71
2019-11-25,1.71,1.71,1.71,1.71
2019-11-26,1.71,1.71,1.71,1.71
2019-11-27,1.71,1.71,1.71,1.71
2019-11-28,1.71,1.71,1.71,1.71
2019-11-29,1.71,1.71,1.71,1.71
2019-12-02,1.71,1.71,1.71,1.71
2019-12-03,1.71,1.71,1.71,1.71
2019-12-04,1.71,1.71,1.71,1.71
2019-12-05,1.71,1.71,1.71,1.71
2019-12-06,1.7,1.7,1.7,1.7
2019-12-09,1.7,1.7,1.7,1.7
2019-12-10,1.7,1.7,1.7,1.7
2019-12-11,1.7,1.7,1.7,1.7
2019-12-12,1.7,1.7,1.7,1.7
2019-12-13,1.7,1.7,1.7,1.7
2019-12-16,1.7,1.7,1.7,1.7
2019-12-17,1.7,1.7,1.7,1.7
2019-12-18,1.7,1.7,1.7,1.7
2019-12-19,1.7,1.7,1.7,1.7
2019-12-20,1.7,1.7,1.7,1.7
2019-12-23,1.71,1.71,1.71,1.71
2019-12-27,1.71,1.71,1.71,1.71
2019-12-30,1.71,1.71,1.71,1.71
2020-01-02,1.71,1.71,1.71,1.71
2020-01-03,1.71,1.71,1.71,1.71
2020-01-07,1.71,1.71,1.71,1.71
2020-01-08,1.71,1.71,1.71,1.71
2020-01-09,1.71,1.71,1.71,1.71
2020-01-10,1.71,1.71,1.71,1.71
2020-01-13,1.71,1.71,1.71,1.71
2020-01-14,1.71,1.71,1.71,1.71
2020-01-15,1.71,1.71,1.71,1.71
2020-01-16,1.71,1.71,1.71,1.71
2020-01-17,1.71,1.71,1.71,1.71
2020-01-20,1.71,1.71,1.71,1.71
2020-01-21,1.71,1.71,1.71,1.71
2020-01-22,1.71,1.71,1.71,1.71
2020-01-23,1.71,1.71,1.71,1.71
2020-01-24,1.71,1.71,1.71,1.71
2020-01-27,1.71,1.71,1.71,1.71
2020-01-28,1.71,1.71,1.71,1.71
2020-01-29,1.71,1.71,1.71,1.71
2020-01-30,1.71,1.71,1.71,1.71
2020-01-31,1.71,1.71,1.71,1.71
2020-02-03,1.71,1.71,1.71,1.71
2020-02-04,1.71,1.71,1.71,1.71
2020-02-05,1.71,1.71,1.71,1.71
2020-02-06,1.71,1.71,1.71,1.71
2020-02-07,1.71,1.71,1.71,1.71
2020-02-10,1.71,1.71,1.71,1.71
2020-02-11,1.71,1.71,1.71,1.71
2020-02-12,1.71,1.71,1.71,1.71
2020-02-13,1.71,1.71,1.71,1.71
2020-02-14,1.71,1.71,1.71,1.71
2020-02-17,1.71,1.71,1.71,1.71
2020-02-18,1.71,1.71,1.71,1.71
2020-02-19,1.71,1.71,1.71,1.71
2020-02-20,1.71,1.71,1.71,1.71
2020-02-21,1.71,1.71,1.71,1.71
2020-02-24,1.71,1.71,1.71,1.71
2020-02-25,1.71,1.71,1.71,1.71
2020-02-26,1.71,1.71,1.71,1.71
2020-02-27,1.71,1.71,1.71,1.71
2020-02-28,1.71,1.71,1.71,1.71
2020-03-02,1.71,1.71,1.71,1.71
2020-03-03,1.7,1.7,1.7,1.7
2020-03-04,1.7,1.7,1.7,1.7
2020-03-05,1.7,1.7,1.7,1.7
2020-03-06,1.7,1.7,1.7,1.7
2020-03-09,1.7,1.7,1.7,1.7
2020-03-10,1.69,1.69,1.69,1.69
2020-03-11,1.69,1.69,1.69,1.69
2020-03-12,1.69,1.69,1.69,1.69
2020-03-13,1.69,1.69,1.69,1.69
2020-03-16,1.6,1.6,1.6,1.6
2020-03-17,1.5,1.5,1.5,1.5
2020-03-18,1.22,1.22,1.22,1.22
2020-03-19,1.19,1.19,1.19,1.19
2020-03-20,1.18,1.18,1.18,1.18
2020-03-23,1.18,1.18,1.18,1.18
2020-03-24,1.17,1.17,1.17,1.17
2020-03-25,1.17,1.17,1.17,1.17
2020-03-26,1.17,1.17,1.17,1.17
2020-03-27,1.17,1.17,1.17,1.17
2020-03-30,1.17,1.17,1.17,1.17
2020-03-31,1.17,1.17,1.17,1.17
2020-04-01,1.17,1.17,1.17,1.17
2020-04-02,1.17,1.17,1.17,1.17
2020-04-03,1.17,1.17,1.17,1.17
2020-04-06,1.17,1.17,1.17,1.17
2020-04-07,1.17,1.17,1.17,1.17
2020-04-08,1.17,1.17,1.17,1.17
2020-04-09,0.71,0.71,0.71,0.71
2020-04-10,0.7,0.7,0.7,0.7
2020-04-14,0.7,0.7,0.7,0.7
2020-04-15,0.7,0.7,0.7,0.7
2020-04-16,0.7,0.7,0.7,0.7
2020-04-17,0.7,0.7,0.7,0.7
2020-04-20,0.7,0.7,0.7,0.7
2020-04-21,0.7,0.7,0.7,0.7
2020-04-22,0.7,0.7,0.7,0.7
2020-04-23,0.69,0.69,0.69,0.69
2020-04-24,0.69,0.69,0.69,0.69
2020-04-27,0.69,0.69,0.69,0.69
2020-04-28,0.69,0.69,0.69,0.69
2020-04-29,0.69,0.69,0.69,0.69
2020-04-30,0.68,0.68,0.68,0.68
2020-05-04,0.68,0.68,0.68,0.68
2020-05-05,0.68,0.68,0.68,0.68
2020-05-06,0.68,0.68,0.68,0.68
2020-05-07,0.68,0.68,0.68,0.68
2020-05-08,0.68,0.68,0.68,0.68
2020-05-11,0.68,0.68,0.68,0.68
2020-05-12,0.68,0.68,0.68,0.68
2020-05-13,0.68,0.68,0.68,0.68
2020-05-14,0.68,0.68,0.68,0.68
2020-05-15,0.68,0.68,0.68,0.68
2020-05-18,0.68,0.68,0.68,0.68
2020-05-19,0.68,0.68,0.68,0.68
2020-05-20,0.68,0.68,0.68,0.68
2020-05-21,0.68,0.68,0.68,0.68
2020-05-22,0.68,0.68,0.68,0.68
2020-05-25,0.68,0.68,0.68,0.68
2020-05-26,0.68,0.68,0.68,0.68
2020-05-27,0.68,0.68,0.68,0.68
2020-05-28,0.68,0.68,0.68,0.68
2020-05-29,0.28,0.28,0.28,0.28
2020-06-01,0.28,0.28,0.28,0.28
2020-06-02,0.28,0.28,0.28,0.28
2020-06-03,0.27,0.27,0.27,0.27
2020-06-04,0.27,0.27,0.27,0.27
2020-06-05,0.27,0.27,0.27,0.27
2020-06-08,0.27,0.27,0.27,0.27
2020-06-09,0.27,0.27,0.27,0.27
2020-06-10,0.27,0.27,0.27,0.27
2020-06-12,0.27,0.27,0.27,0.27
2020-06-15,0.27,0.27,0.27,0.27
2020-06-16,0.27,0.27,0.27,0.27
2020-06-17,0.27,0.27,0.27,0.27
2020-06-18,0.27,0.27,0.27,0.27
2020-06-19,0.27,0.27,0.27,0.27
2020-06-22,0.27,0.27,0.27,0.27
2020-06-23,0.27,0.27,0.27,0.27
2020-06-24,0.26,0.26,0.26,0.26
2020-06-25,0.26,0.26,0.26,0.26
2020-06-26,0.26,0.26,0.26,0.26
2020-06-29,0.26,0.26,0.26,0.26
2020-06-30,0.26,0.26,0.26,0.26
2020-07-01,0.26,0.26,0.26,0.26
2020-07-02,0.26,0.26,0.26,0.26
2020-07-03,0.26,0.26,0.26,0.26
2020-07-06,0.26,0.26,0.26,0.26
2020-07-07,0.26,0.26,0.26,0.26
2020-07-08,0.26,0.26,0.26,0.26
2020-07-09,0.26,0.26,0.26,0.26
2020-07-10,0.26,0.26,0.26,0.26
2020-07-13,0.26,0.26,0.26,0.26
2020-07-14,0.25,0.25,0.25,0.25
2020-07-15,0.25,0.25,0.25,0.25
2020-07-16,0.25,0.25,0.25,0.25
2020-07-17,0.25,0.25,0.25,0.25
2020-07-20,0.25,0.25,0.25,0.25
2020-07-21,0.25,0.25,0.25,0.25
2020-07-22,0.25,0.25,0.25,0.25
2020-07-23,0.25,0.25,0.25,0.25
2020-07-24,0.25,0.25,0.25,0.25
2020-07-27,0.24,0.24,0.24,0.24
2020-07-28,0.24,0.24,0.24,0.24
2020-07-29,0.24,0.24,0.24,0.24
2020-07-30,0.23,0.23,0.23,0.23
2020-07-31,0.23,0.23,0.23,0.23
2020-08-03,0.23,0.23,0.23,0.23
2020-08-04,0.23,0.23,0.23,0.23
2020-08-05,0.23,0.23,0.23,0.23
2020-08-06,0.23,0.23,0.23,0.23
2020-08-07,0.23,0.23,0.23,0.23
2020-08-10,0.23,0.23,0.23,0.23
2020-08-11,0.23,0.23,0.23,0.23
2020-08-12,0.23,0.23,0.23,0.23
2020-08-13,0.23,0.23,0.23,0.23
2020-08-14,0.23,0.23,0.23,0.23
2020-08-17,0.23,0.23,0.23,0.23
2020-08-18,0.23,0.23,0.23,0.23
2020-08-19,0.23,0.23,0.23,0.23
2020-08-20,0.23,0.23,0.23,0.23
2020-08-21,0.23,0.23,0.23,0.23
2020-08-24,0.23,0.23,0.23,0.23
2020-08-25,0.23,0.23,0.23,0.23
2020-08-26,0.23,0.23,0.23,0.23
2020-08-27,0.23,0.23,0.23,0.23
2020-08-28,0.23,0.23,0.23,0.23
2020-08-31,0.23,0.23,0.23,0.23
2020-09-01,0.23,0.23,0.23,0.23
2020-09-02,0.23,0.23,0.23,0.23
2020-09-03,0.23,0.23,0.23,0.23
2020-09-04,0.23,0.23,0.23,0.23
2020-09-07,0.23,0.23,0.23,0.23
2020-09-08,0.23,0.23,0.23,0.23
2020-09-09,0.23,0.23,0.23,0.23
2020-09-10,0.23,0.23,0.23,0.23
2020-09-11,0.23,0.23,0.23,0.23
2020-09-14,0.23,0.23,0.23,0.23
2020-09-15,0.23,0.23,0.23,0.23
2020-09-16,0.23,0.23,0.23,0.23
2020-09-17,0.23,0.23,0.23,0.23
2020-09-18,0.23,0.23,0.23,0.23
2020-09-21,0.22,0.22,0.22,0.22
2020-09-22,0.22,0.22,0.22,0.22
2020-09-23,0.22,0.22,0.22,0.22
2020-09-24,0.22,0.22,0.22,0.22
2020-09-25,0.22,0.22,0.22,0.22
2020-09-28,0.22,0.22,0.22,0.22
2020-09-29,0.22,0.22,0.22,0.22
2020-09-30,0.22,0.22,0.22,0.22
2020-10-01,0.22,0.22,0.22,0.22
2020-10-02,0.22,0.22,0.22,0.22
2020-10-05,0.22,0.22,0.22,0.22
2020-10-06,0.22,0.22,0.22,0.22
2020-10-07,0.22,0.22,0.22,0.22
2020-10-08,0.22,0.22,0.22,0.22
2020-10-09,0.22,0.22,0.22,0.22
2020-10-12,0.22,0.22,0.22,0.22
2020-10-13,0.22,0.22,0.22,0.22
2020-10-14,0.22,0.22,0.22,0.22
2020-10-15,0.22,0.22,0.22,0.22
2020-10-16,0.22,0.22,0.22,0.22
2020-10-19,0.22,0.22,0.22,0.22
2020-10-20,0.22,0.22,0.22,0.22
2020-10-21,0.22,0.22,0.22,0.22
2020-10-22,0.22,0.22,0.22,0.22
2020-10-23,0.22,0.22,0.22,0.22
2020-10-26,0.22,0.22,0.22,0.22
2020-10-27,0.22,0.22,0.22,0.22
2020-10-28,0.22,0.22,0.22,0.22
2020-10-29,0.22,0.22,0.22,0.22
2020-10-30,0.22,0.22,0.22,0.22
2020-11-02,0.22,0.22,0.22,0.22
2020-11-03,0.22,0.22,0.22,0.22
2020-11-04,0.22,0.22,0.22,0.22
2020-11-05,0.22,0.22,0.22,0.22
2020-11-06,0.22,0.22,0.22,0.22
2020-11-09,0.22,0.22,0.22,0.22
2020-11-10,0.22,0.22,0.22,0.22
2020-11-12,0.22,0.22,0.22,0.22
2020-11-13,0.22,0.22,0.22,0.22
2020-11-16,0.22,0.22,0.22,0.22
2020-11-17,0.22,0.22,0.22,0.22
2020-11-18,0.22,0.22,0.22,0.22
2020-11-19,0.22,0.22,0.22,0.22
2020-11-20,0.22,0.22,0.22,0.22
2020-11-23,0.22,0.22,0.22,0.22
2020-11-24,0.22,0.22,0.22,0.22
2020-11-25,0.22,0.22,0.22,0.22
2020-11-26,0.22,0.22,0.22,0.22
2020-11-27,0.22,0.22,0.22,0.22
2020-11-30,0.22,0.22,0.22,0.22
2020-12-01,0.22,0.22,0.22,0.22
2020-12-02,0.22,0.22,0.22,0.22
2020-12-03,0.22,0.22,0.22,0.22
2020-12-04,0.22,0.22,0.22,0.22
2020-12-07,0.22,0.22,0.22,0.22
2020-12-08,0.22,0.22,0.22,0.22
2020-12-09,0.22,0.22,0.22,0.22
2020-12-10,0.22,0.22,0.22,0.22
2020-12-11,0.22,0.22,0.22,0.22
2020-12-14,0.21,0.21,0.21,0.21
2020-12-15,0.21,0.21,0.21,0.21
2020-12-16,0.21,0.21,0.21,0.21
2020-12-17,0.21,0.21,0.21,0.21
2020-12-18,0.21,0.21,0.21,0.21
2020-12-21,0.21,0.21,0.21,0.21
2020-12-22,0.21,0.21,0.21,0.21
2020-12-23,0.21,0.21,0.21,0.21
2020-12-24,0.21,0.21,0.21,0.21
2020-12-28,0.21,0.21,0.21,0.21
2020-12-29,0.21,0.21,0.21,0.21
2020-12-30,0.21,0.21,0.21,0.21
2020-12-31,0.21,0.21,0.21,0.21
2021-01-04,0.21,0.21,0.21,0.21
2021-01-05,0.21,0.21,0.21,0.21
2021-01-07,0.21,0.21,0.21,0.21
2021-01-08,0.21,0.21,0.21,0.21
2021-01-11,0.21,0.21,0.21,0.21
2021-01-12,0.21,0.21,0.21,0.21
2021-01-13,0.21,0.21,0.21,0.21
2021-01-14,0.21,0.21,0.21,0.21
2021-01-15,0.21,0.21,0.21,0.21
2021-01-18,0.21,0.21,0.21,0.21
2021-01-19,0.21,0.21,0.21,0.21
2021-01-20,0.21,0.21,0.21,0.21
2021-01-21,0.21,0.21,0.21,0.21
2021-01-22,0.21,0.21,0.21,0.21
2021-01-25,0.21,0.21,0.21,0.21
2021-01-26,0.21,0.21,0.21,0.21
2021-01-27,0.21,0.21,0.21,0.21
2021-01-28,0.21,0.21,0.21,0.21
2021-01-29,0.21,0.21,0.21,0.21
2021-02-01,0.21,0.21,0.21,0.21
2021-02-02,0.21,0.21,0.21,0.21
2021-02-03,0.21,0.21,0.21,0.21
2021-02-04,0.21,0.21,0.21,0.21
2021-02-05,0.21,0.21,0.21,0.21
2021-02-08,0.21,0.21,0.21,0.21
2021-02-09,0.21,0.21,0.21,0.21
2021-02-10,0.21,0.21,0.21,0.21
2021-02-11,0.21,0.21,0.21,0.21
2021-02-12,0.21,0.21,0.21,0.21
2021-02-15,0.21,0.21,0.21,0.21
2021-02-16,0.21,0.21,0.21,0.21
2021-02-17,0.21,0.21,0.21,0.21
2021-02-18,0.21,0.21,0.21,0.21
2021-02-19,0.21,0.21,0.21,0.21
2021-02-22,0.21,0.21,0.21,0.21
2021-02-23,0.21,0.21,0.21,0.21
2021-02-24,0.21,0.21,0.21,0.21
2021-02-25,0.21,0.21,0.21,0.21
2021-02-26,0.21,0.21,0.21,0.21
2021-03-01,0.21,0.21,0.21,0.21
2021-03-02,0.21,0.21,0.21,0.21
2021-03-03,0.21,0.21,0.21,0.21
2021-03-04,0.21,0.21,0.21,0.21
2021-03-05,0.21,0.21,0.21,0.21
2021-03-08,0.21,0.21,0.21,0.21
2021-03-09,0.21,0.21,0.21,0.21
2021-03-10,0.21,0.21,0.21,0.21
2021-03-11,0.21,0.21,0.21,0.21
2021-03-12,0.21,0.21,0.21,0.21
2021-03-15,0.21,0.21,0.21,0.21
2021-03-16,0.21,0.21,0.21,0.21
2021-03-17,0.21,0.21,0.21,0.21
2021-03-18,0.21,0.21,0.21,0.21
2021-03-19,0.21,0.21,0.21,0.21
2021-03-22,0.21,0.21,0.21,0.21
2021-03-23,0.21,0.21,0.21,0.21
2021-03-24,0.21,0.21,0.21,0.21
2021-03-25,0.21,0.21,0.21,0.21
2021-03-26,0.21,0.21,0.21,0.21
2021-03-29,0.21,0.21,0.21,0.21
2021-03-30,0.21,0.21,0.21,0.21
2021-03-31,0.21,0.21,0.21,0.21
2021-04-01,0.21,0.21,0.21,0.21
2021-04-02,0.21,0.21,0.21,0.21
2021-04-06,0.21,0.21,0.21,0.21
2021-04-07,0.21,0.21,0.21,0.21
2021-04-08,0.21,0.21,0.21,0.21
2021-04-09,0.21,0.21,0.21,0.21
2021-04-12,0.21,0.21,0.21,0.21
2021-04-13,0.21,0.21,0.21,0.21
2021-04-14,0.21,0.21,0.21,0.21
2021-04-15,0.21,0.21,0.21,0.21
2021-04-16,0.21,0.21,0.21,0.21
2021-04-19,0.21,0.21,0.21,0.21
2021-04-20,0.21,0.21,0.21,0.21
2021-04-21,0.21,0.21,0.21,0.21
2021-04-22,0.21,0.21,0.21,0.21
2021-04-23,0.21,0.21,0.21,0.21
2021-04-26,0.21,0.21,0.21,0.21
2021-04-27,0.21,0.21,0.21,0.21
2021-04-28,0.21,0.21,0.21,0.21
2021-04-29,0.21,0.21,0.21,0.21
2021-04-30,0.21,0.21,0.21,0.21
2021-05-04,0.21,0.21,0.21,0.21
2021-05-05,0.21,0.21,0.21,0.21
2021-05-06,0.21,0.21,0.21,0.21
2021-05-07,0.21,0.21,0.21,0.21
2021-05-10,0.21,0.21,0.21,0.21
2021-05-11,0.21,0.21,0.21,0.21
2021-05-12,0.21,0.21,0.21,0.21
2021-05-13,0.21,0.21,0.21,0.21
2021-05-14,0.21,0.21,0.21,0.21
2021-05-17,0.21,0.21,0.21,0.21
2021-05-18,0.21,0.21,0.21,0.21
2021-05-19,0.21,0.21,0.21,0.21
2021-05-20,0.21,0.21,0.21,0.21
2021-05-21,0.21,0.21,0.21,0.21
2021-05-24,0.21,0.21,0.21,0.21
2021-05-25,0.21,0.21,0.21,0.21
2021-05-26,0.21,0.21,0.21,0.21
2021-05-27,0.21,0.21,0.21,0.21
2021-05-28,0.21,0.21,0.21,0.21
2021-05-31,0.21,0.21,0.21,0.21
2021-06-01,0.21,0.21,0.21,0.21
2021-06-02,0.21,0.21,0.21,0.21
2021-06-04,0.21,0.21,0.21,0.21
2021-06-07,0.21,0.21,0.21,0.21
2021-06-08,0.21,0.21,0.21,0.21
2021-06-09,0.21,0.21,0.21,0.21
2021-06-10,0.21,0.21,0.21,0.21
2021-06-11,0.21,0.21,0.21,0.21
2021-06-14,0.21,0.21,0.21,0.21
2021-06-15,0.21,0.21,0.21,0.21
2021-06-16,0.21,0.21,0.21,0.21
2021-06-17,0.21,0.21,0.21,0.21
2021-06-18,0.21,0.21,0.21,0.21
2021-06-21,0.21,0.21,0.21,0.21
2021-06-22,0.21,0.21,0.21,0.21
2021-06-23,0.21,0.21,0.21,0.21
2021-06-24,0.21,0.21,0.21,0.21
2021-06-25,0.21,0.21,0.21,0.21
2021-06-28,0.21,0.21,0.21,0.21
2021-06-29,0.21,0.21,0.21,0.21
2021-06-30,0.21,0.21,0.21,0.21
2021-07-01,0.21,0.21,0.21,0.21
2021-07-02,0.21,0.21,0.21,0.21
2021-07-05,0.21,0.21,0.21,0.21
2021-07-06,0.21,0.21,0.21,0.21
2021-07-07,0.21,0.21,0.21,0.21
2021-07-08,0.21,0.21,0.21,0.21
2021-07-09,0.21,0.21,0.21,0.21
2021-07-12,0.21,0.21,0.21,0.21
2021-07-13,0.21,0.21,0.21,0.21
2021-07-14,0.21,0.21,0.21,0.21
2021-07-15,0.21,0.21,0.21,0.21
2021-07-16,0.21,0.21,0.21,0.21
2021-07-19,0.21,0.21,0.21,0.21
2021-07-20,0.21,0.21,0.21,0.21
2021-07-21,0.21,0.21,0.21,0.21
2021-07-22,0.21,0.21,0.21,0.21
2021-07-23,0.21,0.21,0.21,0.21
2021-07-26,0.21,0.21,0.21,0.21
2021-07-27,0.21,0.21,0.21,0.21
2021-07-28,0.21,0.21,0.21,0.21
2021-07-29,0.21,0.21,0.21,0.21
2021-07-30,0.21,0.21,0.21,0.21
2021-08-02,0.21,0.21,0.21,0.21
2021-08-03,0.21,0.21,0.21,0.21
2021-08-04,0.21,0.21,0.21,0.21
2021-08-05,0.21,0.21,0.21,0.21
2021-08-06,0.21,0.21,0.21,0.21
2021-08-09,0.21,0.21,0.21,0.21
2021-08-10,0.21,0.21,0.21,0.21
2021-08-11,0.21,0.21,0.21,0.21
2021-08-12,0.21,0.21,0.21,0.21
2021-08-13,0.21,0.21,0.21,0.21
2021-08-16,0.21,0.21,0.21,0.21
2021-08-17,0.21,0.21,0.21,0.21
2021-08-18,0.21,0.21,0.21,0.21
2021-08-19,0.21,0.21,0.21,0.21
2021-08-20,0.21,0.21,0.21,0.21
2021-08-23,0.21,0.21,0.21,0.21
2021-08-24,0.21,0.21,0.21,0.21
2021-08-25,0.21,0.21,0.21,0.21
2021-08-26,0.21,0.21,0.21,0.21
2021-08-27,0.21,0.21,0.21,0.21
2021-08-30,0.22,0.22,0.22,0.22
2021-08-31,0.23,0.23,0.23,0.23
2021-09-01,0.23,0.23,0.23,0.23
2021-09-02,0.24,0.24,0.24,0.24
2021-09-03,0.24,0.24,0.24,0.24
2021-09-06,0.24,0.24,0.24,0.24
2021-09-07,0.24,0.24,0.24,0.24
2021-09-08,0.24,0.24,0.24,0.24
2021-09-09,0.24,0.24,0.24,0.24
2021-09-10,0.24,0.24,0.24,0.24
2021-09-13,0.24,0.24,0.24,0.24
2021-09-14,0.24,0.24,0.24,0.24
2021-09-15,0.24,0.24,0.24,0.24
2021-09-16,0.24,0.24,0.24,0.24
2021-09-17,0.24,0.24,0.24,0.24
2021-09-20,0.24,0.24,0.24,0.24
2021-09-21,0.24,0.24,0.24,0.24
2021-09-22,0.24,0.24,0.24,0.24
2021-09-23,0.24,0.24,0.24,0.24
2021-09-24,0.24,0.24,0.24,0.24
2021-09-27,0.24,0.24,0.24,0.24
2021-09-28,0.24,0.24,0.24,0.24
2021-09-29,0.24,0.24,0.24,0.24
2021-09-30,0.23,0.23,0.23,0.23
2021-10-01,0.24,0.24,0.24,0.24
2021-10-04,0.25,0.25,0.25,0.25
2021-10-05,0.25,0.25,0.25,0.25
2021-10-06,0.25,0.25,0.25,0.25
2021-10-07,0.63,0.63,0.63,0.63
2021-10-08,0.65,0.65,0.65,0.65
2021-10-11,0.66,0.66,0.66,0.66
2021-10-12,0.67,0.67,0.67,0.67
2021-10-13,0.68,0.68,0.68,0.68
2021-10-14,0.68,0.68,0.68,0.68
2021-10-15,0.69,0.69,0.69,0.69
2021-10-18,0.69,0.69,0.69,0.69
2021-10-19,0.69,0.69,0.69,0.69
2021-10-20,0.7,0.7,0.7,0.7
2021-10-21,0.7,0.7,0.7,0.7
2021-10-22,0.7,0.7,0.7,0.7
2021-10-25,0.7,0.7,0.7,0.7
2021-10-26,0.71,0.71,0.71,0.71
2021-10-27,0.72,0.72,0.72,0.72
2021-10-28,0.72,0.72,0.72,0.72
2021-10-29,0.74,0.74,0.74,0.74
2021-11-02,0.78,0.78,0.78,0.78
2021-11-03,0.84,0.84,0.84,0.84
2021-11-04,1.26,1.26,1.26,1.26
2021-11-05,1.56,1.56,1.56,1.56
2021-11-08,1.55,1.55,1.55,1.55
2021-11-09,1.57,1.57,1.57,1.57
2021-11-10,1.58,1.58,1.58,1.58
2021-11-12,1.61,1.61,1.61,1.61
2021-11-15,1.62,1.62,1.62,1.62
2021-11-16,1.64,1.64,1.64,1.64
2021-11-17,1.65,1.65,1.65,1.65
2021-11-18,1.66,1.66,1.66,1.66
2021-11-19,1.69,1.69,1.69,1.69
2021-11-22,1.68,1.68,1.68,1.68
2021-11-23,1.7,1.7,1.7,1.7
2021-11-24,1.72,1.72,1.72,1.72
2021-11-25,1.82,1.82,1.82,1.82
2021-11-26,1.91,1.91,1.91,1.91
2021-11-29,1.99,1.99,1.99,1.99
2021-11-30,2.06,2.06,2.06,2.06
2021-12-01,2.11,2.11,2.11,2.11
2021-12-02,2.18,2.18,2.18,2.18
2021-12-03,2.21,2.21,2.21,2.21
2021-12-06,2.24,2.24,2.24,2.24
2021-12-07,2.26,2.26,2.26,2.26
2021-12-08,2.27,2.27,2.27,2.27
2021-12-09,2.27,2.27,2.27,2.27
2021-12-10,2.3,2.3,2.3,2.3
2021-12-13,2.31,2.31,2.31,2.31
2021-12-14,2.32,2.32,2.32,2.32
2021-12-15,2.33,2.33,2.33,2.33
2021-12-16,2.35,2.35,2.35,2.35
2021-12-17,2.35,2.35,2.35,2.35
2021-12-20,2.37,2.37,2.37,2.37
2021-12-21,2.4,2.4,2.4,2.4
2021-12-22,2.4,2.4,2.4,2.4
2021-12-23,2.41,2.41,2.41,2.41
2021-12-24,2.45,2.45,2.45,2.45
2021-12-27,2.48,2.48,2.48,2.48
2021-12-28,2.51,2.51,2.51,2.51
2021-12-29,2.5,2.5,2.5,2.5
2021-12-30,2.51,2.51,2.51,2.51
2021-12-31,2.54,2.54,2.54,2.54
2022-01-03,2.56,2.56,2.56,2.56
2022-01-04,2.59,2.59,2.59,2.59
2022-01-05,2.62,2.62,2.62,2.62
2022-01-07,2.63,2.63,2.63,2.63
2022-01-10,2.69,2.69,2.69,2.69
2022-01-11,2.72,2.72,2.72,2.72
2022-01-12,2.74,2.74,2.74,2.74
2022-01-13,2.75,2.75,2.75,2.75
2022-01-14,2.77,2.77,2.77,2.77
2022-01-17,2.79,2.79,2.79,2.79
2022-01-18,2.8,2.8,2.8,2.8
2022-01-19,2.81,2.81,2.81,2.81
2022-01-20,2.83,2.83,2.83,2.83
2022-01-21,2.85,2.85,2.85,2.85
2022-01-24,2.89,2.89,2.89,2.89
2022-01-25,2.91,2.91,2.91,2.91
2022-01-26,2.94,2.94,2.94,2.94
2022-01-27,2.96,2.96,2.96,2.96
2022-01-28,2.99,2.99,2.99,2.99
2022-01-31,3.02,3.02,3.02,3.02
2022-02-01,3.04,3.04,3.04,3.04
2022-02-02,3.06,3.06,3.06,3.06
2022-02-03,3.1,3.1,3.1,3.1
2022-02-04,3.11,3.11,3.11,3.11
2022-02-07,3.13,3.13,3.13,3.13
2022-02-08,3.17,3.17,3.17,3.17
2022-02-09,3.23,3.23,3.23,3.23
2022-02-10,3.28,3.28,3.28,3.28
2022-02-11,3.3,3.3,3.3,3.3
2022-02-14,3.32,3.32,3.32,3.32
2022-02-15,3.38,3.38,3.38,3.38
2022-02-16,3.39,3.39,3.39,3.39
2022-02-17,3.43,3.43,3.43,3.43
2022-02-18,3.44,3.44,3.44,3.44
2022-02-21,3.47,3.47,3.47,3.47
2022-02-22,3.48,3.48,3.48,3.48
2022-02-23,3.5,3.5,3.5,3.5
2022-02-24,3.55,3.55,3.55,3.55
2022-02-25,3.59,3.59,3.59,3.59
2022-02-28,3.65,3.65,3.65,3.65
2022-03-01,3.67,3.67,3.67,3.67
2022-03-02,3.69,3.69,3.69,3.69
2022-03-03,3.73,3.73,3.73,3.73
2022-03-04,3.78,3.78,3.78,3.78
2022-03-07,3.81,3.81,3.81,3.81
2022-03-08,3.91,3.91,3.91,3.91
2022-03-09,4.03,4.03,4.03,4.03
2022-03-10,4.18,4.18,4.18,4.18
2022-03-11,4.22,4.22,4.22,4.22
2022-03-14,4.3,4.3,4.3,4.3
2022-03-15,4.33,4.33,4.33,4.33
2022-03-16,4.35,4.35,4.35,4.35
2022-03-17,4.37,4.37,4.37,4.37
2022-03-18,4.4,4.4,4.4,4.4
2022-03-21,4.43,4.43,4.43,4.43
2022-03-22,4.46,4.46,4.46,4.46
2022-03-23,4.48,4.48,4.48,4.48
2022-03-24,4.52,4.52,4.52,4.52
2022-03-25,4.6,4.6,4.6,4.6
2022-03-28,4.66,4.66,4.66,4.66
2022-03-29,4.72,4.72,4.72,4.72
2022-03-30,4.74,4.74,4.74,4.74
2022-03-31,4.77,4.77,4.77,4.77
2022-04-01,4.84,4.84,4.84,4.84
2022-04-04,4.88,4.88,4.88,4.88
2022-04-05,4.9,4.9,4.9,4.9
2022-04-06,4.92,4.92,4.92,4.92
2022-04-07,5.26,5.26,5.26,5.26
2022-04-08,5.32,5.32,5.32,5.32
2022-04-11,5.37,5.37,5.37,5.37
2022-04-12,5.43,5.43,5.43,5.43
2022-04-13,5.47,5.47,5.47,5.47
2022-04-14,5.51,5.51,5.51,5.51
2022-04-15,5.54,5.54,5.54,5.54
2022-04-19,5.57,5.57,5.57,5.57
2022-04-20,5.65,5.65,5.65,5.65
2022-04-21,5.68,5.68,5.68,5.68
2022-04-22,5.74,5.74,5.74,5.74
2022-04-25,5.79,5.79,5.79,5.79
2022-04-26,5.84,5.84,5.84,5.84
2022-04-27,5.88,5.88,5.88,5.88
2022-04-28,5.95,5.95,5.95,5.95
2022-04-29,6.05,6.05,6.05,6.05
2022-05-02,6.14,6.14,6.14,6.14
2022-05-04,6.24,6.24,6.24,6.24
2022-05-05,6.34,6.34,6.34,6.34
2022-05-06,6.33,6.33,6.33,6.33
2022-05-09,6.31,6.31,6.31,6.31
2022-05-10,6.36,6.36,6.36,6.36
2022-05-11,6.39,6.39,6.39,6.39
2022-05-12,6.4,6.4,6.4,6.4
2022-05-13,6.41,6.41,6.41,6.41
2022-05-16,6.42,6.42,6.42,6.42
2022-05-17,6.44,6.44,6.44,6.44
2022-05-18,6.45,6.45,6.45,6.45
2022-05-19,6.45,6.45,6.45,6.45
2022-05-20,6.46,6.46,6.46,6.46
2022-05-23,6.48,6.48,6.48,6.48
2022-05-24,6.5,6.5,6.5,6.5
2022-05-25,6.51,6.51,6.51,6.51
2022-05-26,6.53,6.53,6.53,6.53
2022-05-27,6.54,6.54,6.54,6.54
2022-05-30,6.56,6.56,6.56,6.56
2022-05-31,6.59,6.59,6.59,6.59
2022-06-01,6.61,6.61,6.61,6.61
2022-06-02,6.64,6.64,6.64,6.64
2022-06-03,6.66,6.66,6.66,6.66
2022-06-06,6.7,6.7,6.7,6.7
2022-06-07,6.72,6.72,6.72,6.72
2022-06-08,6.74,6.74,6.74,6.74
2022-06-09,6.76,6.76,6.76,6.76
2022-06-10,6.77,6.77,6.77,6.77
2022-06-13,6.78,6.78,6.78,6.78
2022-06-14,6.81,6.81,6.81,6.81
2022-06-15,6.84,6.84,6.84,6.84
2022-06-17,6.88,6.88,6.88,6.88
2022-06-20,6.91,6.91,6.91,6.91
2022-06-21,6.94,6.94,6.94,6.94
2022-06-22,6.97,6.97,6.97,6.97
2022-06-23,6.98,6.98,6.98,6.98
2022-06-24,6.98,6.98,6.98,6.98
2022-06-27,7,7,7,7
2022-06-28,7.03,7.03,7.03,7.03
2022-06-29,7.05,7.05,7.05,7.05
2022-06-30,7.05,7.05,7.05,7.05
2022-07-01,7.05,7.05,7.05,7.05
2022-07-04,7.08,7.08,7.08,7.08
2022-07-05,7.1,7.1,7.1,7.1
2022-07-06,7.12,7.12,7.12,7.12
2022-07-07,7.14,7.14,7.14,7.14
2022-07-08,7.08,7.08,7.08,7.08
2022-07-11,7,7,7,7
2022-07-12,6.99,6.99,6.99,6.99
2022-07-13,6.99,6.99,6.99,6.99
2022-07-14,7,7,7,7
2022-07-15,7,7,7,7
2022-07-18,7,7,7,7
2022-07-19,7.01,7.01,7.01,7.01
2022-07-20,7,7,7,7
2022-07-21,7,7,7,7
2022-07-22,7,7,7,7
2022-07-25,7,7,7,7
2022-07-26,7,7,7,7
2022-07-27,7,7,7,7
2022-07-28,7.01,7.01,7.01,7.01
2022-07-29,7.01,7.01,7.01,7.01
2022-08-01,7.01,7.01,7.01,7.01
2022-08-02,7.01,7.01,7.01,7.01
2022-08-03,7.01,7.01,7.01,7.01
2022-08-04,7.02,7.02,7.02,7.02
2022-08-05,7.02,7.02,7.02,7.02
2022-08-08,7.03,7.03,7.03,7.03
2022-08-09,7.03,7.03,7.03,7.03
2022-08-10,7.03,7.03,7.03,7.03
2022-08-11,7.03,7.03,7.03,7.03
2022-08-12,7.03,7.03,7.03,7.03
2022-08-16,7.02,7.02,7.02,7.02
2022-08-17,7.03,7.03,7.03,7.03
2022-08-18,7.04,7.04,7.04,7.04
2022-08-19,7.04,7.04,7.04,7.04
2022-08-22,7.06,7.06,7.06,7.06
2022-08-23,7.05,7.05,7.05,7.05
2022-08-24,7.06,7.06,7.06,7.06
2022-08-25,7.06,7.06,7.06,7.06
2022-08-26,7.07,7.07,7.07,7.07
2022-08-29,7.08,7.08,7.08,7.08
2022-08-30,7.1,7.1,7.1,7.1
2022-08-31,7.11,7.11,7.11,7.11
2022-09-01,7.14,7.14,7.14,7.14
2022-09-02,7.15,7.15,7.15,7.15
2022-09-05,7.16,7.16,7.16,7.16
2022-09-06,7.16,7.16,7.16,7.16
2022-09-07,7.16,7.16,7.16,7.16
2022-09-08,7.16,7.16,7.16,7.16
2022-09-09,7.15,7.15,7.15,7.15
2022-09-12,7.15,7.15,7.15,7.15
2022-09-13,7.15,7.15,7.15,7.15
2022-09-14,7.15,7.15,7.15,7.15
2022-09-15,7.15,7.15,7.15,7.15
2022-09-16,7.15,7.15,7.15,7.15
2022-09-19,7.15,7.15,7.15,7.15
2022-09-20,7.14,7.14,7.14,7.14
2022-09-21,7.15,7.15,7.15,7.15
2022-09-22,7.14,7.14,7.14,7.14
2022-09-23,7.15,7.15,7.15,7.15
2022-09-26,7.16,7.16,7.16,7.16
2022-09-27,7.16,7.16,7.16,7.16
2022-09-28,7.17,7.17,7.17,7.17
2022-09-29,7.18,7.18,7.18,7.18
2022-09-30,7.21,7.21,7.21,7.21
2022-10-03,7.28,7.28,7.28,7.28
2022-10-04,7.31,7.31,7.31,7.31
2022-10-05,7.33,7.33,7.33,7.33
2022-10-06,7.25,7.25,7.25,7.25
2022-10-07,7.19,7.19,7.19,7.19
2022-10-10,7.19,7.19,7.19,7.19
2022-10-11,7.2,7.2,7.2,7.2
2022-10-12,7.21,7.21,7.21,7.21
2022-10-13,7.28,7.28,7.28,7.28
2022-10-14,7.31,7.31,7.31,7.31
2022-10-17,7.33,7.33,7.33,7.33
2022-10-18,7.34,7.34,7.34,7.34
2022-10-19,7.36,7.36,7.36,7.36
2022-10-20,7.4,7.4,7.4,7.4
2022-10-21,7.43,7.43,7.43,7.43
2022-10-24,7.44,7.44,7.44,7.44
2022-10-25,7.45,7.45,7.45,7.45
2022-10-26,7.43,7.43,7.43,7.43
2022-10-27,7.46,7.46,7.46,7.46
2022-10-28,7.48,7.48,7.48,7.48
2022-10-31,7.51,7.51,7.51,7.51
2022-11-02,7.53,7.53,7.53,7.53
2022-11-03,7.56,7.56,7.56,7.56
2022-11-04,7.59,7.59,7.59,7.59
2022-11-07,7.61,7.61,7.61,7.61
2022-11-08,7.59,7.59,7.59,7.59
2022-11-09,7.59,7.59,7.59,7.59
2022-11-10,7.5,7.5,7.5,7.5
2022-11-14,7.42,7.42,7.42,7.42
2022-11-15,7.42,7.42,7.42,7.42
2022-11-16,7.4,7.4,7.4,7.4
2022-11-17,7.39,7.39,7.39,7.39
2022-11-18,7.4,7.4,7.4,7.4
2022-11-21,7.37,7.37,7.37,7.37
2022-11-22,7.36,7.36,7.36,7.36
2022-11-23,7.34,7.34,7.34,7.34
2022-11-24,7.32,7.32,7.32,7.32
2022-11-25,7.31,7.31,7.31,7.31
2022-11-28,7.3,7.3,7.3,7.3
2022-11-29,7.31,7.31,7.31,7.31
2022-11-30,7.28,7.28,7.28,7.28
2022-12-01,7.25,7.25,7.25,7.25
2022-12-02,7.24,7.24,7.24,7.24
2022-12-05,7.22,7.22,7.22,7.22
2022-12-06,7.2,7.2,7.2,7.2
2022-12-07,7.19,7.19,7.19,7.19
2022-12-08,7.18,7.18,7.18,7.18
2022-12-09,7.16,7.16,7.16,7.16
2022-12-12,7.14,7.14,7.14,7.14
2022-12-13,7.1,7.1,7.1,7.1
2022-12-14,7.09,7.09,7.09,7.09
2022-12-15,7.08,7.08,7.08,7.08
2022-12-16,7.06,7.06,7.06,7.06
2022-12-19,7.06,7.06,7.06,7.06
2022-12-20,7.06,7.06,7.06,7.06
2022-12-21,7.05,7.05,7.05,7.05
2022-12-22,7.05,7.05,7.05,7.05
2022-12-23,7.04,7.04,7.04,7.04
2022-12-27,7.03,7.03,7.03,7.03
2022-12-28,7.03,7.03,7.03,7.03
2022-12-29,7.02,7.02,7.02,7.02
2022-12-30,7.02,7.02,7.02,7.02
2023-01-02,7.01,7.01,7.01,7.01
2023-01-03,7.01,7.01,7.01,7.01
2023-01-04,7,7,7,7
2023-01-05,6.99,6.99,6.99,6.99
2023-01-09,6.96,6.96,6.96,6.96
2023-01-10,6.99,6.99,6.99,6.99
2023-01-11,6.95,6.95,6.95,6.95
2023-01-12,6.95,6.95,6.95,6.95
2023-01-13,6.92,6.92,6.92,6.92
2023-01-16,6.92,6.92,6.92,6.92
2023-01-17,6.93,6.93,6.93,6.93
2023-01-18,6.91,6.91,6.91,6.91
2023-01-19,6.93,6.93,6.93,6.93
2023-01-20,6.92,6.92,6.92,6.92
2023-01-23,6.91,6.91,6.91,6.91
2023-01-24,6.93,6.93,6.93,6.93
2023-01-25,6.93,6.93,6.93,6.93
2023-01-26,6.95,6.95,6.95,6.95
2023-01-27,6.94,6.94,6.94,6.94
2023-01-30,6.95,6.95,6.95,6.95
2023-01-31,6.95,6.95,6.95,6.95
2023-02-01,6.95,6.95,6.95,6.95
2023-02-02,6.93,6.93,6.93,6.93
2023-02-03,6.92,6.92,6.92,6.92
2023-02-06,6.91,6.91,6.91,6.91
2023-02-07,6.92,6.92,6.92,6.92
2023-02-08,6.94,6.94,6.94,6.94
2023-02-09,6.94,6.94,6.94,6.94
2023-02-10,6.93,6.93,6.93,6.93
2023-02-13,6.92,6.92,6.92,6.92
2023-02-14,6.93,6.93,6.93,6.93
2023-02-15,6.93,6.93,6.93,6.93
2023-02-16,6.94,6.94,6.94,6.94
2023-02-17,6.93,6.93,6.93,6.93
2023-02-20,6.96,6.96,6.96,6.96
2023-02-21,6.94,6.94,6.94,6.94
2023-02-22,6.94,6.94,6.94,6.94
2023-02-23,6.94,6.94,6.94,6.94
2023-02-24,6.94,6.94,6.94,6.94
2023-02-27,6.94,6.94,6.94,6.94
2023-02-28,6.94,6.94,6.94,6.94
2023-03-01,6.94,6.94,6.94,6.94
2023-03-02,6.94,6.94,6.94,6.94
2023-03-03,6.95,6.95,6.95,6.95
2023-03-06,6.94,6.94,6.94,6.94
2023-03-07,6.94,6.94,6.94,6.94
2023-03-08,6.93,6.93,6.93,6.93
2023-03-09,6.93,6.93,6.93,6.93
2023-03-10,6.93,6.93,6.93,6.93
2023-03-13,6.92,6.92,6.92,6.92
2023-03-14,6.93,6.93,6.93,6.93
2023-03-15,6.92,6.92,6.92,6.92
2023-03-16,6.92,6.92,6.92,6.92
2023-03-17,6.9,6.9,6.9,6.9
2023-03-20,6.9,6.9,6.9,6.9
2023-03-21,6.9,6.9,6.9,6.9
2023-03-22,6.9,6.9,6.9,6.9
2023-03-23,6.9,6.9,6.9,6.9
2023-03-24,6.9,6.9,6.9,6.9
2023-03-27,6.9,6.9,6.9,6.9
2023-03-28,6.9,6.9,6.9,6.9
2023-03-29,6.9,6.9,6.9,6.9
2023-03-30,6.9,6.9,6.9,6.9
2023-03-31,6.89,6.89,6.89,6.89
2023-04-03,6.9,6.9,6.9,6.9
2023-04-04,6.9,6.9,6.9,6.9
2023-04-05,6.9,6.9,6.9,6.9
2023-04-06,6.9,6.9,6.9,6.9
2023-04-07,6.9,6.9,6.9,6.9
2023-04-11,6.9,6.9,6.9,6.9
2023-04-12,6.9,6.9,6.9,6.9
2023-04-13,6.9,6.9,6.9,6.9
2023-04-14,6.9,6.9,6.9,6.9
2023-04-17,6.9,6.9,6.9,6.9
2023-04-18,6.9,6.9,6.9,6.9
2023-04-19,6.9,6.9,6.9,6.9
2023-04-20,6.9,6.9,6.9,6.9
2023-04-21,6.9,6.9,6.9,6.9
2023-04-24,6.9,6.9,6.9,6.9
2023-04-25,6.9,6.9,6.9,6.9
2023-04-26,6.9,6.9,6.9,6.9
2023-04-27,6.9,6.9,6.9,6.9
2023-04-28,6.9,6.9,6.9,6.9
2023-05-02,6.9,6.9,6.9,6.9
2023-05-04,6.9,6.9,6.9,6.9
2023-05-05,6.9,6.9,6.9,6.9
2023-05-08,6.9,6.9,6.9,6.9
2023-05-09,6.89,6.89,6.89,6.89
2023-05-10,6.9,6.9,6.9,6.9
2023-05-11,6.9,6.9,6.9,6.9
2023-05-12,6.9,6.9,6.9,6.9
2023-05-15,6.9,6.9,6.9,6.9
2023-05-16,6.9,6.9,6.9,6.9
2023-05-17,6.9,6.9,6.9,6.9
2023-05-18,6.9,6.9,6.9,6.9
2023-05-19,6.9,6.9,6.9,6.9
2023-05-22,6.9,6.9,6.9,6.9
2023-05-23,6.9,6.9,6.9,6.9
2023-05-24,6.9,6.9,6.9,6.9
2023-05-25,6.9,6.9,6.9,6.9
2023-05-26,6.9,6.9,6.9,6.9
2023-05-29,6.9,6.9,6.9,6.9
2023-05-30,6.9,6.9,6.9,6.9
2023-05-31,6.9,6.9,6.9,6.9
2023-06-01,6.9,6.9,6.9,6.9
2023-06-02,6.9,6.9,6.9,6.9
2023-06-05,6.9,6.9,6.9,6.9
2023-06-06,6.9,6.9,6.9,6.9
2023-06-07,6.9,6.9,6.9,6.9
2023-06-09,6.9,6.9,6.9,6.9
2023-06-12,6.9,6.9,6.9,6.9
2023-06-13,6.9,6.9,6.9,6.9
2023-06-14,6.9,6.9,6.9,6.9
2023-06-15,6.9,6.9,6.9,6.9
2023-06-16,6.9,6.9,6.9,6.9
2023-06-19,6.9,6.9,6.9,6.9
2023-06-20,6.9,6.9,6.9,6.9
2023-06-21,6.9,6.9,6.9,6.9
2023-06-22,6.9,6.9,6.9,6.9
2023-06-23,6.9,6.9,6.9,6.9
2023-06-26,6.9,6.9,6.9,6.9
2023-06-27,6.9,6.9,6.9,6.9
2023-06-28,6.9,6.9,6.9,6.9
2023-06-29,6.9,6.9,6.9,6.9
2023-06-30,6.9,6.9,6.9,6.9
2023-07-03,6.9,6.9,6.9,6.9
2023-07-04,6.9,6.9,6.9,6.9
2023-07-05,6.9,6.9,6.9,6.9
2023-07-06,6.9,6.9,6.9,6.9
2023-07-07,6.9,6.9,6.9,6.9
2023-07-10,6.89,6.89,6.89,6.89
2023-07-11,6.86,6.86,6.86,6.86
2023-07-12,6.85,6.85,6.85,6.85
2023-07-13,6.84,6.84,6.84,6.84
2023-07-14,6.83,6.83,6.83,6.83
2023-07-17,6.81,6.81,6.81,6.81
2023-07-18,6.8,6.8,6.8,6.8
2023-07-19,6.79,6.79,6.79,6.79
2023-07-20,6.78,6.78,6.78,6.78
2023-07-21,6.76,6.76,6.76,6.76
2023-07-24,6.74,6.74,6.74,6.74
2023-07-25,6.73,6.73,6.73,6.73
2023-07-26,6.73,6.73,6.73,6.73
2023-07-27,6.72,6.72,6.72,6.72
2023-07-28,6.72,6.72,6.72,6.72
2023-07-31,6.76,6.76,6.76,6.76
2023-08-01,6.72,6.72,6.72,6.72
2023-08-02,6.74,6.74,6.74,6.74
2023-08-03,6.74,6.74,6.74,6.74
2023-08-04,6.71,6.71,6.71,6.71
2023-08-07,6.71,6.71,6.71,6.71
2023-08-08,6.7,6.7,6.7,6.7
2023-08-09,6.7,6.7,6.7,6.7
2023-08-10,6.69,6.69,6.69,6.69
2023-08-11,6.72,6.72,6.72,6.72
2023-08-14,6.68,6.68,6.68,6.68
2023-08-16,6.7,6.7,6.7,6.7
2023-08-17,6.68,6.68,6.68,6.68
2023-08-18,6.69,6.69,6.69,6.69
2023-08-21,6.68,6.68,6.68,6.68
2023-08-22,6.7,6.7,6.7,6.7
2023-08-23,6.65,6.65,6.65,6.65
2023-08-24,6.69,6.69,6.69,6.69
2023-08-25,6.67,6.67,6.67,6.67
2023-08-28,6.66,6.66,6.66,6.66
2023-08-29,6.66,6.66,6.66,6.66
2023-08-30,6.67,6.67,6.67,6.67
2023-08-31,6.65,6.65,6.65,6.65
2023-09-01,6.67,6.67,6.67,6.67
2023-09-04,6.64,6.64,6.64,6.64
2023-09-05,6.62,6.62,6.62,6.62
2023-09-06,6.6,6.6,6.6,6.6
2023-09-07,6.07,6.07,6.07,6.07
2023-09-08,6.01,6.01,6.01,6.01
2023-09-11,5.96,5.96,5.96,5.96
2023-09-12,5.89,5.89,5.89,5.89
2023-09-13,5.84,5.84,5.84,5.84
2023-09-14,5.81,5.81,5.81,5.81
2023-09-15,5.8,5.8,5.8,5.8
2023-09-18,5.81,5.81,5.81,5.81
2023-09-19,5.8,5.8,5.8,5.8
2023-09-20,5.8,5.8,5.8,5.8
2023-09-21,5.8,5.8,5.8,5.8
2023-09-22,5.79,5.79,5.79,5.79
2023-09-25,5.79,5.79,5.79,5.79
2023-09-26,5.8,5.8,5.8,5.8
2023-09-27,5.79,5.79,5.79,5.79
2023-09-28,5.78,5.78,5.78,5.78
2023-09-29,5.77,5.77,5.77,5.77
2023-10-02,5.74,5.74,5.74,5.74
2023-10-03,5.73,5.73,5.73,5.73
2023-10-04,5.72,5.72,5.72,5.72
2023-10-05,5.7,5.7,5.7,5.7
2023-10-06,5.7,5.7,5.7,5.7
2023-10-09,5.69,5.69,5.69,5.69
2023-10-10,5.7,5.7,5.7,5.7
2023-10-11,5.68,5.68,5.68,5.68
2023-10-12,5.7,5.7,5.7,5.7
2023-10-13,5.68,5.68,5.68,5.68
2023-10-16,5.68,5.68,5.68,5.68
2023-10-17,5.69,5.69,5.69,5.69
2023-10-18,5.68,5.68,5.68,5.68
2023-10-19,5.68,5.68,5.68,5.68
2023-10-20,5.67,5.67,5.67,5.67
2023-10-23,5.67,5.67,5.67,5.67
2023-10-24,5.65,5.65,5.65,5.65
2023-10-25,5.67,5.67,5.67,5.67
2023-10-26,5.64,5.64,5.64,5.64
2023-10-27,5.65,5.65,5.65,5.65
2023-10-30,5.65,5.65,5.65,5.65
2023-10-31,5.66,5.66,5.66,5.66
2023-11-02,5.64,5.64,5.64,5.64
2023-11-03,5.64,5.64,5.64,5.64
2023-11-06,5.64,5.64,5.64,5.64
2023-11-07,5.63,5.63,5.63,5.63
2023-11-08,5.62,5.62,5.62,5.62
2023-11-09,5.73,5.73,5.73,5.73
2023-11-10,5.76,5.76,5.76,5.76
2023-11-13,5.78,5.78,5.78,5.78
2023-11-14,5.79,5.79,5.79,5.79
2023-11-15,5.81,5.81,5.81,5.81
2023-11-16,5.82,5.82,5.82,5.82
2023-11-17,5.81,5.81,5.81,5.81
2023-11-20,5.83,5.83,5.83,5.83
2023-11-21,5.82,5.82,5.82,5.82
2023-11-22,5.84,5.84,5.84,5.84
2023-11-23,5.83,5.83,5.83,5.83
2023-11-24,5.83,5.83,5.83,5.83
2023-11-27,5.84,5.84,5.84,5.84
2023-11-28,5.83,5.83,5.83,5.83
2023-11-29,5.83,5.83,5.83,5.83
2023-11-30,5.83,5.83,5.83,5.83
2023-12-01,5.84,5.84,5.84,5.84
2023-12-04,5.84,5.84,5.84,5.84
2023-12-05,5.84,5.84,5.84,5.84
2023-12-06,5.83,5.83,5.83,5.83
2023-12-07,5.85,5.85,5.85,5.85
2023-12-08,5.85,5.85,5.85,5.85
2023-12-11,5.85,5.85,5.85,5.85
2023-12-12,5.84,5.84,5.84,5.84
2023-12-13,5.84,5.84,5.84,5.84
2023-12-14,5.86,5.86,5.86,5.86
2023-12-15,5.82,5.82,5.82,5.82
2023-12-18,5.86,5.86,5.86,5.86
2023-12-19,5.86,5.86,5.86,5.86
2023-12-20,5.86,5.86,5.86,5.86
2023-12-21,5.85,5.85,5.85,5.85
2023-12-22,5.88,5.88,5.88,5.88
2023-12-27,5.88,5.88,5.88,5.88
2023-12-28,5.87,5.87,5.87,5.87
2023-12-29,5.88,5.88,5.88,5.88
2024-01-02,5.89,5.89,5.89,5.89
2024-01-03,5.89,5.89,5.89,5.89
2024-01-04,5.86,5.86,5.86,5.86
2024-01-05,5.87,5.87,5.87,5.87
2024-01-08,5.87,5.87,5.87,5.87
2024-01-09,5.86,5.86,5.86,5.86
2024-01-10,5.88,5.88,5.88,5.88
2024-01-11,5.87,5.87,5.87,5.87
2024-01-12,5.86,5.86,5.86,5.86
2024-01-15,5.86,5.86,5.86,5.86
2024-01-16,5.87,5.87,5.87,5.87
2024-01-17,5.86,5.86,5.86,5.86
2024-01-18,5.86,5.86,5.86,5.86
2024-01-19,5.86,5.86,5.86,5.86
2024-01-22,5.86,5.86,5.86,5.86
2024-01-23,5.86,5.86,5.86,5.86
2024-01-24,5.86,5.86,5.86,5.86
2024-01-25,5.86,5.86,5.86,5.86
2024-01-26,5.86,5.86,5.86,5.86
2024-01-29,5.86,5.86,5.86,5.86
2024-01-30,5.86,5.86,5.86,5.86
2024-01-31,5.86,5.86,5.86,5.86
2024-02-01,5.86,5.86,5.86,5.86
2024-02-02,5.85,5.85,5.85,5.85
2024-02-05,5.85,5.85,5.85,5.85
2024-02-06,5.85,5.85,5.85,5.85
2024-02-07,5.85,5.85,5.85,5.85
2024-02-08,5.86,5.86,5.86,5.86
2024-02-09,5.86,5.86,5.86,5.86
2024-02-12,5.87,5.87,5.87,5.87
2024-02-13,5.86,5.86,5.86,5.86
2024-02-14,5.86,5.86,5.86,5.86
2024-02-15,5.86,5.86,5.86,5.86
2024-02-16,5.88,5.88,5.88,5.88
2024-02-19,5.86,5.86,5.86,5.86
2024-02-20,5.87,5.87,5.87,5.87
2024-02-21,5.85,5.85,5.85,5.85
2024-02-22,5.85,5.85,5.85,5.85
2024-02-23,5.85,5.85,5.85,5.85
2024-02-26,5.86,5.86,5.86,5.86
2024-02-27,5.86,5.86,5.86,5.86
2024-02-28,5.85,5.85,5.85,5.85
2024-02-29,5.86,5.86,5.86,5.86
2024-03-01,5.85,5.85,5.85,5.85
2024-03-04,5.85,5.85,5.85,5.85
2024-03-05,5.85,5.85,5.85,5.85
2024-03-06,5.86,5.86,5.86,5.86
2024-03-07,5.85,5.85,5.85,5.85
2024-03-08,5.86,5.86,5.86,5.86
2024-03-11,5.86,5.86,5.86,5.86
2024-03-12,5.85,5.85,5.85,5.85
2024-03-13,5.86,5.86,5.86,5.86
2024-03-14,5.86,5.86,5.86,5.86
2024-03-15,5.85,5.85,5.85,5.85
2024-03-18,5.86,5.86,5.86,5.86
2024-03-19,5.86,5.86,5.86,5.86
2024-03-20,5.86,5.86,5.86,5.86
2024-03-21,5.86,5.86,5.86,5.86
2024-03-22,5.86,5.86,5.86,5.86
2024-03-25,5.86,5.86,5.86,5.86
2024-03-26,5.86,5.86,5.86,5.86
2024-03-27,5.85,5.85,5.85,5.85
2024-03-28,5.87,5.87,5.87,5.87
2024-03-29,5.88,5.88,5.88,5.88
2024-04-02,5.86,5.86,5.86,5.86
2024-04-03,5.88,5.88,5.88,5.88
2024-04-04,5.86,5.86,5.86,5.86
2024-04-05,5.86,5.86,5.86,5.86
2024-04-08,5.86,5.86,5.86,5.86
2024-04-09,5.87,5.87,5.87,5.87
2024-04-10,5.87,5.87,5.87,5.87
2024-04-11,5.86,5.86,5.86,5.86
2024-04-12,5.86,5.86,5.86,5.86
2024-04-15,5.86,5.86,5.86,5.86
2024-04-16,5.87,5.87,5.87,5.87
2024-04-17,5.86,5.86,5.86,5.86
2024-04-18,5.86,5.86,5.86,5.86
2024-04-19,5.86,5.86,5.86,5.86
2024-04-22,5.86,5.86,5.86,5.86
2024-04-23,5.87,5.87,5.87,5.87
2024-04-24,5.86,5.86,5.86,5.86
2024-04-25,5.86,5.86,5.86,5.86
2024-04-26,5.87,5.87,5.87,5.87
2024-04-29,5.87,5.87,5.87,5.87
2024-04-30,5.86,5.86,5.86,5.86
2024-05-02,5.86,5.86,5.86,5.86
2024-05-06,5.86,5.86,5.86,5.86
2024-05-07,5.86,5.86,5.86,5.86
2024-05-08,5.86,5.86,5.86,5.86
2024-05-09,5.86,5.86,5.86,5.86
2024-05-10,5.86,5.86,5.86,5.86
2024-05-13,5.85,5.85,5.85,5.85
2024-05-14,5.86,5.86,5.86,5.86
2024-05-15,5.85,5.85,5.85,5.85
2024-05-16,5.85,5.85,5.85,5.85
2024-05-17,5.85,5.85,5.85,5.85
2024-05-20,5.85,5.85,5.85,5.85
2024-05-21,5.85,5.85,5.85,5.85
2024-05-22,5.86,5.86,5.86,5.86
2024-05-23,5.85,5.85,5.85,5.85
2024-05-24,5.85,5.85,5.85,5.85
2024-05-27,5.85,5.85,5.85,5.85
2024-05-28,5.85,5.85,5.85,5.85
2024-05-29,5.86,5.86,5.86,5.86
2024-05-31,5.85,5.85,5.85,5.85
2024-06-03,5.85,5.85,5.85,5.85
2024-06-04,5.85,5.85,5.85,5.85
2024-06-05,5.86,5.86,5.86,5.86
2024-06-06,5.85,5.85,5.85,5.85
2024-06-07,5.85,5.85,5.85,5.85
2024-06-10,5.85,5.85,5.85,5.85
2024-06-11,5.85,5.85,5.85,5.85
2024-06-12,5.85,5.85,5.85,5.85
2024-06-13,5.85,5.85,5.85,5.85
2024-06-14,5.85,5.85,5.85,5.85
2024-06-17,5.85,5.85,5.85,5.85
2024-06-18,5.86,5.86,5.86,5.86
2024-06-19,5.85,5.85,5.85,5.85
2024-06-20,5.85,5.85,5.85,5.85
2024-06-21,5.85,5.85,5.85,5.85
2024-06-24,5.85,5.85,5.85,5.85
2024-06-25,5.85,5.85,5.85,5.85
2024-06-26,5.85,5.85,5.85,5.85
2024-06-27,5.85,5.85,5.85,5.85
2024-06-28,5.85,5.85,5.85,5.85
2024-07-01,5.85,5.85,5.85,5.85
2024-07-02,5.85,5.85,5.85,5.85
2024-07-03,5.85,5.85,5.85,5.85
2024-07-04,5.86,5.86,5.86,5.86
2024-07-05,5.85,5.85,5.85,5.85
2024-07-08,5.85,5.85,5.85,5.85
2024-07-09,5.86,5.86,5.86,5.86
2024-07-10,5.86,5.86,5.86,5.86
2024-07-11,5.86,5.86,5.86,5.86
2024-07-12,5.86,5.86,5.86,5.86
2024-07-15,5.86,5.86,5.86,5.86
2024-07-16,5.86,5.86,5.86,5.86
2024-07-17,5.87,5.87,5.87,5.87
2024-07-18,5.86,5.86,5.86,5.86
2024-07-19,5.86,5.86,5.86,5.86
2024-07-22,5.86,5.86,5.86,5.86
2024-07-23,5.86,5.86,5.86,5.86
2024-07-24,5.86,5.86,5.86,5.86
2024-07-25,5.86,5.86,5.86,5.86
2024-07-26,5.86,5.86,5.86,5.86
2024-07-29,5.86,5.86,5.86,5.86
2024-07-30,5.86,5.86,5.86,5.86
2024-07-31,5.86,5.86,5.86,5.86
2024-08-01,5.85,5.85,5.85,5.85
2024-08-02,5.85,5.85,5.85,5.85
2024-08-05,5.85,5.85,5.85,5.85
2024-08-06,5.85,5.85,5.85,5.85
2024-08-07,5.85,5.85,5.85,5.85
2024-08-08,5.85,5.85,5.85,5.85
2024-08-09,5.86,5.86,5.86,5.86
2024-08-12,5.86,5.86,5.86,5.86
2024-08-13,5.86,5.86,5.86,5.86
2024-08-14,5.86,5.86,5.86,5.86
2024-08-16,5.86,5.86,5.86,5.86
2024-08-19,5.85,5.85,5.85,5.85
2024-08-20,5.86,5.86,5.86,5.86
2024-08-21,5.85,5.85,5.85,5.85
2024-08-22,5.85,5.85,5.85,5.85
2024-08-23,5.85,5.85,5.85,5.85
2024-08-26,5.85,5.85,5.85,5.85
2024-08-27,5.85,5.85,5.85,5.85
2024-08-28,5.85,5.85,5.85,5.85
2024-08-29,5.85,5.85,5.85,5.85
2024-08-30,5.85,5.85,5.85,5.85
2024-09-02,5.85,5.85,5.85,5.85
2024-09-03,5.87,5.87,5.87,5.87
2024-09-04,5.86,5.86,5.86,5.86
2024-09-05,5.85,5.85,5.85,5.85
2024-09-06,5.86,5.86,5.86,5.86
2024-09-09,5.86,5.86,5.86,5.86
2024-09-10,5.85,5.85,5.85,5.85
2024-09-11,5.85,5.85,5.85,5.85
2024-09-12,5.85,5.85,5.85,5.85
2024-09-13,5.85,5.85,5.85,5.85
2024-09-16,5.87,5.87,5.87,5.87
2024-09-17,5.85,5.85,5.85,5.85
2024-09-18,5.86,5.86,5.86,5.86
2024-09-19,5.85,5.85,5.85,5.85
2024-09-20,5.85,5.85,5.85,5.85
2024-09-23,5.85,5.85,5.85,5.85
2024-09-24,5.85,5.85,5.85,5.85
2024-09-25,5.86,5.86,5.86,5.86
2024-09-26,5.85,5.85,5.85,5.85
2024-09-27,5.85,5.85,5.85,5.85
2024-09-30,5.85,5.85,5.85,5.85
2024-10-01,5.84,5.84,5.84,5.84
2024-10-02,5.86,5.86,5.86,5.86
2024-10-03,5.85,5.85,5.85,5.85
2024-10-04,5.85,5.85,5.85,5.85
2024-10-07,5.85,5.85,5.85,5.85
2024-10-08,5.85,5.85,5.85,5.85
2024-10-09,5.86,5.86,5.86,5.86
2024-10-10,5.85,5.85,5.85,5.85
2024-10-11,5.87,5.87,5.87,5.87
2024-10-14,5.86,5.86,5.86,5.86
2024-10-15,5.85,5.85,5.85,5.85
2024-10-16,5.86,5.86,5.86,5.86
2024-10-17,5.85,5.85,5.85,5.85
2024-10-18,5.85,5.85,5.85,5.85
2024-10-21,5.85,5.85,5.85,5.85
2024-10-22,5.85,5.85,5.85,5.85
2024-10-23,5.85,5.85,5.85,5.85
2024-10-24,5.85,5.85,5.85,5.85
2024-10-25,5.85,5.85,5.85,5.85
2024-10-28,5.86,5.86,5.86,5.86
2024-10-29,5.85,5.85,5.85,5.85
2024-10-30,5.85,5.85,5.85,5.85
2024-10-31,5.85,5.85,5.85,5.85
2024-11-04,5.82,5.82,5.82,5.82
2024-11-05,5.84,5.84,5.84,5.84
2024-11-06,5.84,5.84,5.84,5.84
2024-11-07,5.83,5.83,5.83,5.83
2024-11-08,5.84,5.84,5.84,5.84
2024-11-12,5.85,5.85,5.85,5.85
2024-11-13,5.85,5.85,5.85,5.85
2024-11-14,5.85,5.85,5.85,5.85
2024-11-15,5.85,5.85,5.85,5.85
2024-11-18,5.85,5.85,5.85,5.85
2024-11-19,5.85,5.85,5.85,5.85
2024-11-20,5.85,5.85,5.85,5.85
2024-11-21,5.85,5.85,5.85,5.85
2024-11-22,5.85,5.85,5.85,5.85
2024-11-25,5.85,5.85,5.85,5.85
2024-11-26,5.85,5.85,5.85,5.85
2024-11-27,5.85,5.85,5.85,5.85
2024-11-28,5.85,5.85,5.85,5.85
2024-11-29,5.85,5.85,5.85,5.85
2024-12-02,5.85,5.85,5.85,5.85
2024-12-03,5.86,5.86,5.86,5.86
2024-12-04,5.85,5.85,5.85,5.85
2024-12-05,5.85,5.85,5.85,5.85
2024-12-06,5.87,5.87,5.87,5.87
2024-12-09,5.85,5.85,5.85,5.85
2024-12-10,5.86,5.86,5.86,5.86
2024-12-11,5.85,5.85,5.85,5.85
2024-12-12,5.85,5.85,5.85,5.85
2024-12-13,5.86,5.86,5.86,5.86
2024-12-16,5.85,5.85,5.85,5.85
2024-12-17,5.86,5.86,5.86,5.86
2024-12-18,5.85,5.85,5.85,5.85
2024-12-19,5.85,5.85,5.85,5.85
2024-12-20,5.85,5.85,5.85,5.85
2024-12-23,5.85,5.85,5.85,5.85
2024-12-24,5.85,5.85,5.85,5.85
2024-12-27,5.85,5.85,5.85,5.85
2024-12-30,5.85,5.85,5.85,5.85
2024-12-31,5.84,5.84,5.84,5.84
2025-01-02,5.82,5.82,5.82,5.82
2025-01-03,5.84,5.84,5.84,5.84
2025-01-07,5.84,5.84,5.84,5.84
2025-01-08,5.81,5.81,5.81,5.81
2025-01-09,5.8,5.8,5.8,5.8
2025-01-10,5.83,5.83,5.83,5.83
2025-01-13,5.84,5.84,5.84,5.84
2025-01-14,5.84,5.84,5.84,5.84
2025-01-15,5.84,5.84,5.84,5.84
2025-01-16,5.85,5.85,5.85,5.85
2025-01-17,5.85,5.85,5.85,5.85
2025-01-20,5.85,5.85,5.85,5.85
2025-01-21,5.86,5.86,5.86,5.86
2025-01-22,5.86,5.86,5.86,5.86
2025-01-23,5.86,5.86,5.86,5.86
2025-01-24,5.88,5.88,5.88,5.88
2025-01-27,5.86,5.86,5.86,5.86
2025-01-28,5.86,5.86,5.86,5.86
2025-01-29,5.86,5.86,5.86,5.86
2025-01-30,5.86,5.86,5.86,5.86
2025-01-31,5.86,5.86,5.86,5.86
2025-02-03,5.85,5.85,5.85,5.85
2025-02-04,5.86,5.86,5.86,5.86
2025-02-05,5.84,5.84,5.84,5.84
2025-02-06,5.85,5.85,5.85,5.85
2025-02-07,5.86,5.86,5.86,5.86
2025-02-10,5.86,5.86,5.86,5.86
2025-02-11,5.87,5.87,5.87,5.87
2025-02-12,5.87,5.87,5.87,5.87
2025-02-13,5.87,5.87,5.87,5.87
2025-02-14,5.87,5.87,5.87,5.87
2025-02-17,5.87,5.87,5.87,5.87
2025-02-18,5.87,5.87,5.87,5.87
2025-02-19,5.87,5.87,5.87,5.87
2025-02-20,5.87,5.87,5.87,5.87
2025-02-21,5.87,5.87,5.87,5.87
2025-02-24,5.91,5.91,5.91,5.91
2025-02-25,5.88,5.88,5.88,5.88
2025-02-26,5.87,5.87,5.87,5.87
2025-02-27,5.86,5.86,5.86,5.86
2025-02-28,5.86,5.86,5.86,5.86
2025-03-03,5.86,5.86,5.86,5.86
2025-03-04,5.86,5.86,5.86,5.86
2025-03-05,5.86,5.86,5.86,5.86
2025-03-06,5.85,5.85,5.85,5.85
2025-03-07,5.85,5.85,5.85,5.85
2025-03-10,5.85,5.85,5.85,5.85
2025-03-11,5.84,5.84,5.84,5.84
2025-03-12,5.85,5.85,5.85,5.85
2025-03-13,5.85,5.85,5.85,5.85
2025-03-14,5.86,5.86,5.86,5.86
2025-03-17,5.85,5.85,5.85,5.85
2025-03-18,5.86,5.86,5.86,5.86
2025-03-19,5.86,5.86,5.86,5.86
2025-03-20,5.86,5.86,5.86,5.86
2025-03-21,5.85,5.85,5.85,5.85
2025-03-24,5.85,5.85,5.85,5.85
2025-03-25,5.87,5.87,5.87,5.87
2025-03-26,5.86,5.86,5.86,5.86
2025-03-27,5.86,5.86,5.86,5.86
2025-03-28,5.86,5.86,5.86,5.86
2025-03-31,5.84,5.84,5.84,5.84
2025-04-01,5.85,5.85,5.85,5.85
2025-04-02,5.85,5.85,5.85,5.85
2025-04-03,5.85,5.85,5.85,5.85
2025-04-04,5.69,5.69,5.69,5.69
2025-04-07,5.68,5.68,5.68,5.68
2025-04-08,5.61,5.61,5.61,5.61
2025-04-09,5.63,5.63,5.63,5.63
2025-04-10,5.59,5.59,5.59,5.59
2025-04-11,5.58,5.58,5.58,5.58
2025-04-14,5.61,5.61,5.61,5.61
2025-04-15,5.53,5.53,5.53,5.53
2025-04-16,5.54,5.54,5.54,5.54
2025-04-17,5.54,5.54,5.54,5.54
2025-04-18,5.49,5.49,5.49,5.49
2025-04-22,5.48,5.48,5.48,5.48
2025-04-23,5.47,5.47,5.47,5.47
2025-04-24,5.45,5.45,5.45,5.45
2025-04-25,5.42,5.42,5.42,5.42
2025-04-28,5.48,5.48,5.48,5.48
2025-04-29,5.4,5.4,5.4,5.4
2025-04-30,5.41,5.41,5.41,5.41
2025-05-02,5.36,5.36,5.36,5.36
2025-05-05,5.36,5.36,5.36,5.36
2025-05-06,5.35,5.35,5.35,5.35
2025-05-07,5.33,5.33,5.33,5.33
2025-05-08,5.29,5.29,5.29,5.29
2025-05-09,5.19,5.19,5.19,5.19
2025-05-12,5.25,5.25,5.25,5.25
2025-05-13,5.25,5.25,5.25,5.25
2025-05-14,5.24,5.24,5.24,5.24
2025-05-15,5.25,5.25,5.25,5.25
2025-05-16,5.25,5.25,5.25,5.25
2025-05-19,5.22,5.22,5.22,5.22
2025-05-20,5.25,5.25,5.25,5.25
2025-05-21,5.23,5.23,5.23,5.23
2025-05-22,5.23,5.23,5.23,5.23
2025-05-23,5.22,5.22,5.22,5.22
2025-05-26,5.22,5.22,5.22,5.22
2025-05-27,5.23,5.23,5.23,5.23
2025-05-28,5.23,5.23,5.23,5.23
2025-05-29,5.21,5.21,5.21,5.21
2025-05-30,5.22,5.22,5.22,5.22
2025-06-02,5.19,5.19,5.19,5.19
2025-06-03,5.2,5.2,5.2,5.2
2025-06-04,5.21,5.21,5.21,5.21
2025-06-05,5.2,5.2,5.2,5.2
2025-06-06,5.21,5.21,5.21,5.21
2025-06-09,5.2,5.2,5.2,5.2
2025-06-10,5.21,5.21,5.21,5.21
2025-06-11,5.22,5.22,5.22,5.22
2025-06-12,5.21,5.21,5.21,5.21
2025-06-13,5.22,5.22,5.22,5.22
2025-06-16,5.23,5.23,5.23,5.23
2025-06-17,5.22,5.22,5.22,5.22
2025-06-18,5.23,5.23,5.23,5.23
2025-06-20,5.22,5.22,5.22,5.22
2025-06-23,5.21,5.21,5.21,5.21
2025-06-24,5.22,5.22,5.22,5.22
2025-06-25,5.24,5.24,5.24,5.24
2025-06-26,5.22,5.22,5.22,5.22
2025-06-27,5.24,5.24,5.24,5.24
2025-06-30,5.23,5.23,5.23,5.23
2025-07-01,5.24,5.24,5.24,5.24
2025-07-02,5.23,5.23,5.23,5.23
2025-07-03,5.09,5.09,5.09,5.09
2025-07-04,5.07,5.07,5.07,5.07
2025-07-07,5.05,5.05,5.05,5.05
2025-07-08,5.04,5.04,5.04,5.04
2025-07-09,5.04,5.04,5.04,5.04
2025-07-10,5.03,5.03,5.03,5.03
2025-07-11,5.03,5.03,5.03,5.03
2025-07-14,5.01,5.01,5.01,5.01
2025-07-15,5.01,5.01,5.01,5.01
2025-07-16,4.96,4.96,4.96,4.96
2025-07-17,5,5,5,5
2025-07-18,4.99,4.99,4.99,4.99
2025-07-21,4.99,4.99,4.99,4.99
2025-07-22,4.96,4.96,4.96,4.96
2025-07-23,4.96,4.96,4.96,4.96
2025-07-24,4.97,4.97,4.97,4.97
2025-07-25,4.96,4.96,4.96,4.96
2025-07-28,4.95,4.95,4.95,4.95
2025-07-29,4.95,4.95,4.95,4.95
2025-07-30,4.94,4.94,4.94,4.94
2025-07-31,4.93,4.93,4.93,4.93
2025-08-01,4.93,4.93,4.93,4.93
2025-08-04,4.93,4.93,4.93,4.93
2025-08-05,4.94,4.94,4.94,4.94
2025-08-06,4.93,4.93,4.93,4.93
2025-08-07,4.92,4.92,4.92,4.92
2025-08-08,4.91,4.91,4.91,4.91
2025-08-11,4.9,4.9,4.9,4.9
2025-08-12,4.89,4.89,4.89,4.89
2025-08-13,4.88,4.88,4.88,4.88
2025-08-14,4.88,4.88,4.88,4.88
2025-08-18,4.88,4.88,4.88,4.88
2025-08-19,4.88,4.88,4.88,4.88
2025-08-20,4.87,4.87,4.87,4.87
2025-08-21,4.85,4.85,4.85,4.85
2025-08-22,4.85,4.85,4.85,4.85
2025-08-25,4.84,4.84,4.84,4.84
2025-08-26,4.84,4.84,4.84,4.84
2025-08-27,4.83,4.83,4.83,4.83
2025-08-28,4.81,4.81,4.81,4.81
2025-08-29,4.82,4.82,4.82,4.82
2025-09-01,4.82,4.82,4.82,4.82
2025-09-02,4.81,4.81,4.81,4.81
2025-09-03,4.79,4.79,4.79,4.79
2025-09-04,4.77,4.77,4.77,4.77
2025-09-05,4.75,4.75,4.75,4.75
2025-09-08,4.75,4.75,4.75,4.75
2025-09-09,4.75,4.75,4.75,4.75
2025-09-10,4.74,4.74,4.74,4.74
